ocr_confidence,authenticity_score,anomaly_score,image_width,image_height,field_completeness,document_number_present,date_present,gender_present,layout_consistency,label
80.06272721835224,96.21088043536272,8.204761892493881,716,1931,0.8481126248125441,1,1,1,0.852493955148889,genuine
72.11701099932048,82.41503537638906,24.343551013052597,660,1187,0.6810898338710877,0,0,1,0.7477005913538394,suspicious
76.97644518519385,81.20176819879481,25.713181720722055,1038,1561,0.6375503038894996,1,0,0,0.37583758428834224,suspicious
81.59447400145223,97.26341743350288,0.0,1217,1285,0.7877430889984691,0,0,1,0.8324372166936064,suspicious
79.15578914055348,80.10584805001227,9.788418656696095,2484,1320,0.7589733092893485,1,1,1,0.7615237280565617,genuine
72.29929660019093,82.68701910880232,9.10475853355097,1894,876,0.6102614196239853,0,1,0,0.6596669621992748,suspicious
78.18273092557888,95.59741588987042,2.0710762675906453,2809,1906,0.6665697756346972,1,0,1,0.704690356103917,genuine
91.24986692891872,82.92194167510758,12.441316994785183,805,1871,0.8421587765742179,1,1,0,0.4998861942282054,genuine
88.94329733612422,81.68802668377691,6.748480779366187,2945,2059,0.8482169355362508,1,1,1,0.4814063478951698,genuine
73.20237015698129,81.53858604636854,3.4879095394057646,1704,912,0.8516424589557581,1,1,1,0.6708286114658314,genuine
86.9563342669743,87.64155715160251,9.6184282818499,1995,2198,0.8375781954025894,0,1,1,0.6729620208678276,genuine
77.8349690246583,86.3981127788104,0.0,544,1667,0.625196044529221,0,0,1,0.6613319015452733,suspicious
85.94403541088415,69.83717844749428,21.917518429168624,2321,1014,0.8964118593554845,1,1,0,0.7421683083791915,genuine
83.34460903806439,86.28595737172022,3.672298712332382,1762,1975,0.8418538240150722,1,1,1,0.5395778438273521,genuine
91.90499351864288,87.3658644579659,14.936683342815467,2371,1406,0.6553754292826176,1,0,0,0.6574426796184756,suspicious
73.86828787329372,80.36863945934937,22.056964545223998,2801,1394,0.5986422688432983,0,0,1,0.8462422165982713,suspicious
90.92081746826014,93.16767339471565,12.6229652756988,1045,1763,0.784579823358085,1,1,0,0.7078903202049407,genuine
96.27615124776258,99.24488350146014,0.0,2871,681,0.9409550472370236,1,1,1,0.801913593739699,genuine
79.50362100258639,85.92463168039717,2.6105181559582453,1706,1237,0.5412287185643722,1,0,1,0.6663859103097844,suspicious
77.17784895603437,94.57369918124377,0.0,1298,444,0.728561272880418,0,1,1,0.8412837377540747,genuine
90.3109873992794,81.79394348421812,15.667817169106211,2268,1167,0.8539901852422992,1,1,1,0.407746545640439,genuine
84.76691397309344,96.15608591477368,0.0,508,1612,0.5646461623713126,0,1,1,0.7448461220549467,genuine
81.75403963911103,89.93100297217146,17.306594197119665,2206,2178,0.8159694386277195,0,1,0,0.7259813868962944,suspicious
96.50319582537036,89.79169569945529,5.341818002827199,2781,804,0.9211054882648956,1,1,0,0.5985491494887616,genuine
73.65023519847416,82.34082827213392,16.745594503000103,1021,1977,0.6168463965465543,1,1,1,0.6999576357980781,suspicious
87.38741461462675,81.26029505175438,1.5847959150263264,1918,470,0.6789059511581321,1,0,1,0.7444477893529168,genuine
90.5695644623278,64.80297650488495,19.91589344102784,2461,424,0.681726125801381,0,1,1,0.5726563168782419,suspicious
85.36079160499155,85.01260775852283,0.0,1952,1018,0.5536088340888536,1,1,0,0.8936142854567621,genuine
82.15705568001333,85.5583306914764,17.979578438000765,2820,920,0.7218214971191216,1,1,1,0.6324634763193361,genuine
71.11143565616561,84.98657940489397,10.138632267204382,2538,1448,0.6922584807375489,1,0,1,0.739721799894048,suspicious
77.94304449869688,87.08873686576824,13.682582024727472,1188,748,0.6268046876225014,0,0,1,0.7538351779061225,suspicious
76.07779157129598,85.38523828775445,11.404967060494695,1483,1393,0.7857327075374841,1,0,0,0.6548079682052818,suspicious
86.60464883134408,88.49839757448039,11.905527196526227,2177,2178,0.7923815857923666,1,0,1,0.843995054550379,suspicious
96.80611997368545,75.2760954868175,16.180835362027192,1550,701,0.8382314383982753,1,1,1,0.6367971661903435,genuine
67.69986535485012,71.72623995008497,19.780500911118924,1481,1177,0.5872049916509929,1,1,0,0.4296845771450425,suspicious
98.6579553947646,79.6621650857033,14.611249254057835,2629,1487,0.8998756386220195,1,1,0,0.727368796059289,genuine
87.98524926215046,76.8986796923096,20.1654118152584,779,1173,0.8673956743032227,1,0,1,0.5552645522354015,suspicious
90.57853022589296,87.09588897091062,12.702912220343228,1729,1139,0.7738986774979,1,1,0,0.658037005299997,suspicious
76.75313843638304,94.37513688882407,23.898705521433353,1447,468,0.7957157837301465,1,1,0,0.725158203811349,suspicious
90.3523073820534,87.54018605050022,21.11607535378208,2340,1260,0.8679026597358432,1,1,1,0.7885564497141218,genuine
56.83859610205507,89.16470842175883,0.0,2960,2069,0.6257922945050772,1,0,0,0.8427959719348184,suspicious
81.021748350233,87.44440435973597,8.414958384707235,2763,1974,0.8794167107043753,1,1,0,0.6804167580586578,genuine
90.66811893101665,87.6542953709163,6.4180075899542945,1382,1837,0.7503593376628473,1,0,1,0.6752135166926468,genuine
94.25047435330895,95.1943325630866,12.565163943355046,1484,541,0.8168900495012685,1,0,1,0.5158972387036609,genuine
91.5897651342137,97.09521229023974,0.0,806,625,0.7759147539889882,1,1,1,0.6915825151239569,genuine
92.71424381132044,78.1422669259098,19.643321947694314,2723,1350,0.8559999836676407,1,1,0,0.5115262874962658,genuine
85.85813500417916,92.91297907939122,0.0,1256,935,0.7685614240456804,1,1,1,0.7806470628524267,genuine
57.63694072262603,80.14717561371972,4.294412609957254,1318,712,0.5193481226156204,1,1,1,0.6283291876921278,suspicious
93.31137717911899,88.66232145428324,23.14931116300479,1444,733,0.9612315654395447,1,1,1,0.6002382248492384,genuine
88.19462296157835,76.74139060077547,17.795667836876124,2824,729,0.9098789908770581,1,1,1,0.6322555204793484,genuine
86.293287186677,58.6862223295729,23.996113088537193,2981,565,0.6813264900364063,1,1,1,0.46137108966827023,suspicious
84.33113515451288,92.64356109941075,7.2174252739997105,1263,1499,0.670368635649692,0,0,1,0.43629773931797505,suspicious
70.8057695476456,81.47736995516365,6.520559859459656,2118,1144,0.8130123229755217,1,1,0,0.7847694230844997,suspicious
81.20628887593121,83.98585376240571,10.026994884925935,1085,1606,0.7754639551192835,1,1,0,0.7931937168605946,suspicious
78.72013186151835,67.6151464390503,14.120314596004166,1649,786,0.7143765132465291,1,1,0,0.5123708056989714,suspicious
87.09336218653915,97.7856661870367,0.0,2302,1491,0.8189711004477421,1,1,1,0.8245970294500753,genuine
85.6415704565413,90.6766246224912,4.0781747069212075,1758,731,0.7193363512276738,0,1,0,0.6863803841462116,suspicious
96.44013225083518,94.8982025141695,11.671243314729859,2805,2063,0.8310435294407568,1,0,1,0.5666518369388919,genuine
73.62571040808535,81.93371631803045,16.79803481525928,1775,709,0.7376190118426554,1,1,1,0.9151165935595653,suspicious
98.0234360184709,75.34556902660809,22.960491481638588,2421,1831,0.789711427843848,1,1,1,0.6927363784140074,suspicious
55.234335244443685,67.34167067134918,24.313324436940256,1655,1634,0.5620160380273811,1,0,1,0.6516057174404549,suspicious
96.22729629544452,93.9958892423263,10.263026756842374,2351,757,0.8615363951987515,0,1,1,0.7178217806399406,genuine
96.89513392216925,77.39586428619876,10.838466899948246,2558,562,0.7387570727294777,0,1,1,0.754284124530058,suspicious
95.08116892584911,82.06348958597086,8.323441195650158,2933,1545,0.9528767734074385,1,1,1,0.49208048260867454,genuine
92.6403210606845,83.79328122600995,15.008176580690693,1344,477,0.8591679241644304,1,1,1,0.6408877996860414,genuine
88.5010781571521,81.7202035540909,11.755815604241588,1894,1517,0.8060093309786891,1,1,1,0.7425391353285988,genuine
82.37885647798592,80.08590027200874,14.838653857453629,2272,1621,0.780079015451682,1,0,1,0.5654703413345781,suspicious
86.2643324084463,80.35274026170906,13.586497858316038,2719,1564,0.618168674614107,1,0,1,0.7521073981212004,suspicious
91.75539063160709,93.45621715936319,13.681990032407949,753,2157,0.7905962138395648,1,0,1,0.7841000342787114,genuine
69.1920250474534,89.42630762486948,17.069139810099998,592,1172,0.5511298886364735,1,0,1,0.740564546951703,suspicious
79.12680232463015,88.79733565968114,4.0188379312929134,710,1303,0.7462924518426042,1,0,1,0.623970653187684,suspicious
86.30754573812082,47.529923120055855,27.03347223172299,830,2106,0.7058968314526235,1,1,1,0.4287645439067079,suspicious
95.65518865261615,88.73647221619628,3.4671675316393076,1188,1949,0.854907012775616,1,1,1,0.9417972915600772,genuine
89.17822213932598,63.99591341612094,20.724343911933587,1179,1235,0.8339353597127982,0,0,1,0.5330016759527999,suspicious
69.1839009185805,66.15770681687447,31.20395827293767,757,1161,0.4953014458767715,1,1,1,0.5959775156381237,suspicious
81.74164447726625,77.97052506609828,22.965588537847502,2866,1821,0.662306923977859,0,0,1,0.7081868837111959,suspicious
54.17850565995048,85.2367189105755,3.8549415358025243,2528,1417,0.5983999240244635,1,1,1,0.5445639905291559,suspicious
89.3234913437651,92.2320169665435,0.5444539652084339,992,1266,0.8322976687307104,1,1,1,0.721947074650594,genuine
78.20562327511732,87.42602861198625,0.0,1493,1869,0.6216671641874674,0,0,1,0.6798454474115289,suspicious
75.3423695201346,78.32582564430365,17.196280431431582,1458,1818,0.7812623554299784,1,0,1,0.37161744648465245,suspicious
88.2567764590574,93.75789952841427,4.36716036176743,2618,1146,0.9315215656037152,0,1,1,0.8447398832745123,genuine
83.02447753687768,85.69814952819635,16.25024057592523,588,1112,0.7879514383923664,0,1,0,0.5737663599248304,suspicious
78.79413768256158,82.02286653433927,16.96276916116157,2643,1604,0.5964933493877227,1,1,1,0.7377389069702115,suspicious
88.95356776062202,80.6016179574473,18.82020732930779,695,401,0.7924802549687419,1,1,1,0.5538496500583268,genuine
76.473120067953,97.15555359128433,0.0,1816,1808,0.7671915696931905,1,1,1,1.0,genuine
92.4867569012282,66.56870752612672,20.68918709925916,1957,1300,0.7458383033638597,0,0,1,0.4991228410689538,suspicious
81.46367614535905,96.27416501816649,9.43665736957756,1025,1974,0.8779788777367382,1,0,1,1.0,genuine
83.25953212412108,81.44241955742626,10.148152502691792,744,1386,0.7355179148493406,0,1,1,0.6308141326568164,suspicious
64.84564772553776,82.95510009951923,1.3907138040772828,1571,1097,0.7972478487893125,1,0,1,0.6572244174948901,genuine
84.4725239871628,81.78974036708568,19.313621783787333,2748,608,0.8161951339969554,1,1,1,0.8423087939178033,genuine
86.90739661083113,83.43903305738058,8.379870241863713,1913,402,0.795582071010817,1,1,0,0.5574041566184931,genuine
88.04120249606089,76.5830305118763,25.001186071480923,2715,1597,0.8373595832241202,0,1,0,0.6186591124251238,suspicious
94.56696221066152,87.66791201208964,9.120162945050588,1374,758,0.956325856250065,1,1,1,0.7660877078731291,genuine
95.12174106780192,83.1875598588251,10.668794005573634,2056,1937,0.898184377983278,1,1,1,0.7139551561077473,genuine
77.3898272602886,90.38452183482691,16.753944861743385,2679,1290,0.7229283804442369,1,1,1,0.7282389142839273,genuine
67.96739919611807,76.82742142345137,8.260844598451278,1491,1963,0.5810630269528061,1,1,0,0.6033003103117343,suspicious
79.64851607568148,92.5077700557736,15.658720715587421,2960,1238,0.6592161926501809,1,1,1,0.8416352572571956,genuine
96.66910871418474,90.40912221206402,2.7176663721305268,2720,1078,0.6591144833841069,0,0,1,0.7444873746232588,suspicious
75.94098486768686,85.86732223387031,11.736097346809336,1993,653,0.7222233776484392,1,1,0,0.8029040027400458,suspicious
81.61477396468025,79.64582192977466,16.468374920648074,1720,1138,0.6985970145453463,0,1,1,0.6841939409096713,suspicious
84.21379064198484,88.79460891814098,5.414204546456796,919,1878,0.7426458782720412,1,1,0,0.7883814787787395,genuine
80.19172026135863,88.09270423444674,3.595682993626361,976,1945,0.8237865450316315,0,1,0,0.8407692051012134,suspicious
86.49086977337792,82.98226578326413,10.17454533979593,2703,1260,0.7606805171345635,0,1,0,0.6266483024033919,suspicious
96.32826228179925,57.51324504336751,24.76312743092477,1364,2197,0.921525109299786,1,1,1,0.5928798841107188,suspicious
60.119406315768,82.43691140334607,26.906040948126655,2809,464,0.5510204330377216,0,1,1,0.6406775229282163,suspicious
73.6738947096396,80.71402844808175,11.096561869128141,1408,494,0.6029892937392116,1,1,0,0.47763293129600043,suspicious
83.01966467165718,88.89843503278321,16.43880450642219,1138,509,0.6612629979996827,0,0,0,0.6716837857057234,suspicious
90.94820276794458,94.48641258548855,11.325401270917785,1950,511,0.8851994340711717,1,1,1,0.6691670155223546,genuine
72.03939898826611,94.93700126840372,6.3377572213952496,1258,408,0.7977174810611443,1,1,0,0.804536166360189,genuine
89.75973468588994,66.34687704582034,24.290088977170782,1503,497,0.7017538763721378,1,0,0,0.4964816452590875,suspicious
75.77200530137817,81.58865690258219,15.164980252626025,1661,1835,0.6113710605452621,0,0,0,0.6680539038025125,suspicious
89.4263464175725,76.93269422040764,21.305667705473432,2546,1232,0.8960250850301068,0,0,0,0.7371677653264026,suspicious
81.32370168374337,87.98282377804169,9.716161390644574,2594,1806,0.6325289699641938,1,1,1,0.8821554658067104,genuine
72.91100733987005,96.35088956696191,0.0,2066,1812,0.7956163858558956,0,0,0,0.8059312796019914,suspicious
90.52347026118177,94.13455301627718,0.0,2855,1645,0.7780604304125469,0,1,0,0.8833544124418937,genuine
91.31645466163522,52.99216897915118,45.818790832319024,1130,568,0.7578050063173218,0,1,1,0.40268001247935714,suspicious
87.04684805773647,95.28350447050177,0.0,2136,619,0.8901670113371916,1,1,1,0.5746889599176137,genuine
96.93347109501136,77.59748664215465,18.171681093771973,1505,1640,0.8621617738979543,1,1,1,0.47926119730466166,genuine
83.25155431274753,89.89551596430813,5.933516925314983,1553,2118,0.7422534079205071,1,1,0,0.6956790588502095,suspicious
87.03680760709895,89.54556153648566,8.966436868614448,2308,708,0.9012909341844869,1,1,1,0.8118357839982562,genuine
78.1152032958122,76.44566947089548,9.685980708190126,1334,1542,0.7219911058943899,1,1,1,0.5884208134313432,genuine
89.43350913340032,94.58884164864342,6.513111179056294,1105,459,1.0,1,1,1,0.8990163280844449,genuine
85.82469599344962,91.06083637839122,8.1464877554321,1695,758,0.6491002415173789,0,1,1,0.9482844758343097,suspicious
91.87252072653527,85.36149914065842,30.305957875464465,729,1472,0.6729809747152201,1,1,0,0.5762990178525719,suspicious
74.5279599931896,84.33852672217368,12.655965283991163,1910,1577,0.7748189021958646,0,1,1,0.9296915003494102,genuine
91.46316290165385,77.13600100461296,26.58564499433725,2278,1469,0.7848104680870421,1,1,1,0.4209187016629914,suspicious
97.24445502463513,89.65422374758978,0.0,884,1214,0.9196332686541646,1,0,1,0.9390939131958775,genuine
55.99313919079234,66.50196635029616,32.26419246359554,1517,910,0.442339849425803,0,1,1,0.5279928275865997,suspicious
55.97039116442515,83.66911680011135,13.832075520614405,1194,1839,0.5773109545061601,0,0,1,0.6414116791706276,suspicious
95.68522405967468,86.4378902673065,12.05975308771672,810,980,0.8746340805454449,1,1,1,0.6905408037046901,genuine
78.5532000960636,89.60263304895327,9.783005017507707,829,1682,0.691105515749594,0,0,0,0.6208247262337683,suspicious
80.50757543018531,89.31587139932759,19.95746364967178,1699,1037,0.7651352952619845,1,1,0,0.8947136312115949,genuine
65.25971011792156,76.74781571414535,19.224869474448997,1868,1330,0.5071355605815983,1,1,0,0.5309420816377165,suspicious
79.07146082379597,86.25002728047266,4.823625195345107,1901,2073,0.7611753922077209,0,0,1,0.622258838800122,suspicious
89.70028400860788,85.87520750242123,6.282028098283955,664,1115,0.9133757067616475,0,1,1,0.5214915234571729,suspicious
95.88060737973447,77.03044866362744,22.947055959332364,564,1960,0.7167938324659037,0,0,1,0.528563974620601,suspicious
98.83359903199616,68.91142163291093,26.448621982857706,800,508,0.7108606802688249,0,0,1,0.4672619706122859,suspicious
72.72818382658195,86.118161138624,0.0,2478,1350,0.7832222828156757,1,1,1,0.5968617183103447,suspicious
82.5902054490528,60.09025613597806,33.53480066503159,2111,1322,0.5818109510070981,1,0,1,0.45963742534313334,suspicious
85.24683249115074,88.9060114048244,0.7440949487348778,1729,2135,0.843617517982548,1,1,0,0.5774780598724083,genuine
87.63731373609103,73.09420330036826,23.247153663072446,577,876,0.7568059264112271,1,1,1,0.7760959891957088,genuine
93.36806036751219,88.53924080537102,2.9566911263415987,563,1447,0.7948147389760519,0,1,1,0.6899778498169221,genuine
84.044468561251,88.36133134412937,6.758629349182217,1482,1457,0.8845143602489342,1,1,0,0.7517747525593733,genuine
77.16283456125217,95.35830467946708,0.0,2655,582,0.8142060110201689,0,1,1,0.8662813878065144,genuine
79.57589647509096,89.49068805271128,18.51437484311423,777,2191,0.7633472974832191,1,0,0,0.9589180009894964,genuine
74.4206928457649,79.23882886649983,18.383812602295272,1963,1277,0.5096182541802188,1,1,1,0.7430965870241764,suspicious
73.53764590483993,73.01905208616674,29.06350195152626,1931,1185,0.7175226259089603,1,1,0,0.5544126992068108,suspicious
87.3270946212402,83.95914957504418,32.29712576295704,2909,2011,0.6918551949101509,0,1,1,0.5429447944889799,suspicious
95.6663624912888,97.69982436628456,2.052769118796162,1244,522,0.8483703611706959,1,1,0,0.8221699513264311,genuine
95.18227838268983,94.3262747352206,14.769225252693118,1203,1593,0.8550872217998969,1,1,1,0.8820857914464518,genuine
93.75257779551215,98.29141722577413,0.0,2008,435,1.0,1,1,1,0.8033631486147862,genuine
84.88108299837819,87.28889379994713,18.317476419545294,1531,2115,0.749689909353389,1,1,1,0.7061370817078785,genuine
82.00712665579722,76.29405875136696,12.126894004470175,929,1859,0.6099597232568597,0,1,0,0.6359706216593843,suspicious
93.89188512209618,83.2531834022231,12.431206527555332,2158,1356,0.9360017084650647,0,1,1,0.441651153488384,genuine
97.6632434236812,91.21309706251647,10.348320800958282,2901,1106,0.9209024021100766,1,0,1,0.7472810021849954,genuine
93.941723839403,91.04815613918136,11.573501506014921,2785,2042,0.899279659699139,1,1,1,0.8162582502704042,genuine
73.6699216281375,74.75891756970336,10.022950327839867,753,841,0.7848252247894867,0,1,1,0.5925893714631197,suspicious
87.19806245244226,94.46687139335287,0.0,2478,1780,0.9408112923148954,1,1,1,0.8905561473895143,genuine
82.55841456693537,75.6326438673324,22.555667650896964,2251,1144,0.6543725792454481,0,1,1,0.7438874836847915,suspicious
92.79114995462082,85.91793403775503,7.987533529192026,2108,1881,0.7066581295800854,1,1,1,0.626875640560087,genuine
93.28127088423493,93.01537862168963,0.0,1662,1747,0.9062642467834882,1,1,1,0.7971377478868485,genuine
86.13828666665745,87.73867954640343,8.699153198645702,2489,2185,0.7582481768547168,1,1,1,0.7070402005405443,genuine
96.83940464170612,84.88096336419895,10.506476933984391,1925,1488,0.8279162983391973,1,1,0,0.4356237859589023,genuine
93.71436020208206,72.83461707575624,21.61244206234514,737,944,0.701496332571018,1,1,1,0.5602145368703879,genuine
95.95791560339006,92.82199127297307,9.088195791901297,823,1997,0.9024931588674808,1,0,1,0.6188678254250761,genuine
68.17508207103192,83.00173957920019,16.008254829183336,2311,1531,0.6828128763145727,1,1,0,0.6800926599081313,suspicious
87.1270770799556,80.63412775261432,9.147192523979108,1515,1667,0.7554714734694177,0,1,0,0.7270030900884722,suspicious
67.46016539939751,85.01036979590378,8.36642337208239,1947,861,0.5399496197750011,1,1,1,0.6539687605443629,suspicious
86.98739404741535,78.2001964042214,22.84437354984874,2514,1355,0.8576505546232693,1,1,1,0.5175974140039447,suspicious
96.6037639596521,85.55291482891101,7.033019809015407,1185,1937,0.8622631134692886,1,1,1,0.7124992706360401,genuine
74.81126720818298,95.92294114466343,0.2921497308890002,2732,1061,0.8155080881273472,1,1,1,1.0,genuine
72.92489722544556,87.34710943281576,0.0,1096,1455,0.5241386037170703,0,1,0,0.4381016908645212,suspicious
90.43340204835532,84.66600983437566,11.299729333509607,1620,771,0.8040279901373111,1,1,1,0.7052646887017305,genuine
77.96613756446712,88.88294571954242,10.754683963667063,1220,716,0.6716353537745793,0,1,0,0.6458094316962557,suspicious
75.31976583404888,86.86404886088498,0.0,2248,1788,0.7096303830355023,1,1,1,0.6437825396686108,genuine
80.34384368917158,96.98885789406141,0.0,807,1158,0.8401639739505473,1,1,1,0.763348045629977,genuine
94.32245215134171,89.97245415409392,0.0,1334,770,0.8676228636646861,1,1,1,0.6784928378975967,genuine
83.55666244985656,58.55082892650214,36.60534396435959,1183,727,0.6909451569672859,0,0,1,0.5406230980048554,suspicious
95.54896073005999,97.67951922302588,0.0,2304,624,0.8662894776053335,1,1,0,0.7524213266430714,genuine
94.90018757670103,87.34540488005096,8.940154160172982,678,1224,0.7104335172321473,1,1,1,0.4393381964459057,genuine
84.86808935452588,69.7076329113067,27.74431040113882,2112,959,0.6533862187775171,1,1,1,0.7112213828258842,suspicious
82.79411499338039,53.16921914256173,36.437837186914166,2182,539,0.7607877988767113,1,0,1,0.5608671738304315,suspicious
81.27393507741274,66.38406917295083,22.132237476214215,2317,1267,0.653797804387012,1,0,0,0.45826163148199667,suspicious
98.76786581024756,88.1428595213149,11.318134066443514,1781,2138,0.9535818001514904,1,1,1,0.7111155083701307,genuine
77.87316386958112,63.83416628882116,34.383188386868774,2117,2162,0.7318706557127715,1,1,1,0.6567840195846177,suspicious
74.41944140088052,79.21435881810592,14.835949612541235,819,1474,0.752098674980396,1,1,1,0.7576945321285432,suspicious
85.52373331451324,59.44995513085763,14.739973021318997,1883,1440,0.7311623055552016,1,1,1,0.6384839444082763,suspicious
97.46518677690554,85.3900095031564,18.991622417652298,2243,2184,0.8121180791474167,1,1,1,0.7280573766358652,genuine
95.34998415277184,89.44452907038963,10.71845578262994,1119,1763,0.8312940548568226,1,1,1,0.807900260486075,genuine
68.23680627108672,92.53769042066864,5.365197629434853,945,712,0.7261143388606712,1,0,1,0.9093537183833322,suspicious
83.91741006115222,85.21449924989439,0.0,1247,1347,0.5884502835806845,0,1,1,0.6405217071983785,suspicious
59.956617050021876,89.58098098246181,5.726104040984302,1737,1092,0.7131725746915214,1,1,1,0.7695224495816985,genuine
73.72061177751998,78.43654918703798,10.044247499324502,619,661,0.6352657940654369,1,1,1,0.36990157752711,suspicious
84.45134756183366,75.82863938216926,9.614565622621747,2801,2077,0.7316026248711759,1,1,1,0.4170482075980959,suspicious
86.36573385396082,89.00959974646534,7.287654175249467,2132,1460,0.777688266253319,1,1,1,0.7720748138355327,genuine
58.33694251704268,80.56943497518992,10.821155570124109,2403,1646,0.5774271073910838,0,0,0,0.7228750242419898,suspicious
86.64533287572124,98.44219416782934,0.0,2623,1826,0.7042088143871065,1,1,1,0.7410633919855453,genuine
79.35711045207066,89.5492923709229,13.015415287980552,1960,526,0.7518324515600834,1,1,1,0.6436247865687172,genuine
67.1954201735021,78.69685274653833,17.766365420931695,2427,969,0.6810615335541896,0,1,0,0.586906693521636,suspicious
85.35977705701025,90.70186158175964,3.5050000518651405,1962,1990,0.6180370839132782,1,0,0,0.7486392238568086,suspicious
88.14782630836882,58.7697484348017,26.566020127950196,2428,766,0.6158223814824169,0,0,0,0.1925108594647642,suspicious
97.79030619478213,90.3040173664421,4.0879769819508605,660,740,0.9330662621858529,1,1,1,0.7783063895922223,genuine
80.91798001850574,73.74054630557445,17.962480660112107,2561,1509,0.767102007412063,0,1,1,0.5938133568235041,suspicious
77.6647906105956,89.48791161938983,11.972417576088542,1567,871,0.7524402168406082,0,1,1,0.7455948004039389,suspicious
90.97644226284473,85.13091124910474,3.8538956557859523,1693,1896,0.7496023052094655,0,1,0,0.666199757850615,suspicious
86.21471635414503,95.70078444701943,13.43348618727463,1268,1717,0.8568966262402966,1,1,1,0.5996358336665855,genuine
91.62977941500594,86.59418833044191,14.147762690062034,1502,1785,0.715846981755181,1,0,1,0.5609700798063129,suspicious
81.091348751532,54.31385155025944,15.099115401187664,1687,1679,0.651891512323291,1,0,1,0.6173290986166384,suspicious
93.45062327368417,84.22836313139709,12.426172292451986,1428,668,0.7134805241555522,0,1,1,0.5967119287250099,suspicious
74.17460786637193,87.7896433742694,16.442923972928522,2879,1589,0.6886489041413669,1,0,1,0.7992549337248516,suspicious
87.03902669356376,93.34057934586114,7.715506847729747,1780,709,0.716673852083056,1,1,1,0.616840884575964,genuine
88.02240847981342,76.94204909690407,14.407076459294812,2467,409,0.8249656467258677,1,0,1,0.6137368690563542,suspicious
64.79821778187116,83.39739127391158,12.024314087051662,2893,2158,0.6643364402297508,0,1,0,0.6142971659438817,suspicious
78.87584644737399,83.19406056560096,13.8526942129964,2025,849,0.6750321069018741,1,0,0,0.6310527217399321,suspicious
55.52343414544015,80.84786676811672,19.75121770627567,1343,1655,0.6502459261834725,1,1,0,0.6059825776387233,suspicious
86.03155798746036,89.95219759640472,0.0,2262,1021,0.7075803923706522,0,1,1,0.8928881842801015,genuine
86.8836058830503,48.28545738302142,34.550778490078095,527,1662,0.6826343242199338,0,1,0,0.6175820209240281,suspicious
94.05646062260641,91.90294128415518,17.54284093335597,2327,1121,0.7919386410588447,0,1,1,0.7637391519628525,genuine
91.24742782069431,70.05307632185703,22.690823321573774,522,1192,0.8276307130827142,1,1,1,0.5109008053780545,genuine
85.26811121775977,88.89784488315743,19.02193129577848,1641,533,0.8279627315706399,1,1,1,0.5516754632376701,genuine
80.18235582110023,92.76666639347745,26.324151469381665,1191,1236,0.8572585019789278,1,1,1,0.5743649538071167,genuine
74.51212772326339,75.39055170481532,15.012842573732087,2666,1616,0.679443965349434,1,1,1,0.777047177382177,suspicious
83.1165799767415,66.96643166958026,16.394208258290107,2112,1685,0.47090610836181174,1,0,1,0.35949998772492425,suspicious
91.19703003467498,91.05257691520198,4.8518523381389755,2043,2005,0.7859426599346496,1,1,1,0.675580164871086,genuine
94.82624026446756,78.7403284898744,23.63770265613532,2138,1461,0.9384421593711563,1,1,1,0.6485595060923919,genuine
86.85589382351633,87.78263187198549,17.83529719844489,2345,2182,0.7580203181538931,1,1,1,0.39007348138312836,genuine
77.23049284711303,74.61514547957043,34.9424832864201,898,1529,0.535133170528549,0,0,1,0.4468498243257384,suspicious
88.45608562343477,92.99867970514377,4.993351585928254,527,1837,0.8434078041655519,1,0,1,0.5833782872522274,genuine
85.0735877251236,72.20027260915342,24.266191152002353,2832,667,0.7754037515237744,0,1,0,0.4977175271209965,suspicious
92.00988929383841,90.89635963540536,1.8453427167641498,1845,764,0.7671292612163959,0,1,1,0.7582128219327969,genuine
79.09262053948258,90.64035278163479,0.0,2175,1458,0.7209629870533484,1,1,1,0.8484560585789327,genuine
80.01610965830017,86.84370125610754,9.589655174380377,1410,1320,0.6694302909493416,1,0,1,0.6151229714492135,suspicious
83.1082769141703,54.70589632703903,25.89429797854277,2622,1289,0.7187741166889939,0,0,0,0.38224800023371874,suspicious
86.56002527225439,79.09631485539221,20.181264281273535,638,2049,0.7649089074055082,0,1,0,0.6184207898659104,suspicious
84.63071168624015,65.64335122642726,12.597733336405424,1600,1258,0.6209459909437428,1,1,1,0.42848239860544024,suspicious
87.52918444703334,88.47615960229436,3.4675500632564704,2115,519,0.7893665917336757,1,0,0,0.7579464602202965,genuine
68.40477845747355,90.91843161776376,8.684930712160392,1658,1342,0.6132851892286136,0,0,1,0.7811907292017839,suspicious
82.09525001364938,97.33676692138809,4.603959980850794,2822,811,0.8938458978958251,1,1,0,0.4521050230093545,genuine
83.91036922113885,90.65895983641424,6.6737053903568455,520,461,0.843560618185111,1,1,1,0.8020025095893891,genuine
97.48445477710246,68.9129433335284,36.38670867537146,2332,876,0.7961489668708193,1,1,1,0.5665683282527828,genuine
92.73178111605209,90.79368149393048,17.890984330215954,2703,401,0.8362259133567346,0,1,1,0.7574016854590955,genuine
83.49676534120614,85.01942713223981,6.4451371993586966,699,1497,0.8363796407834778,1,1,1,0.8217068086846344,suspicious
96.05153394749621,85.58483002927034,22.077245152551775,2103,1236,0.8244082145805758,1,1,1,0.47032322941844484,genuine
87.83156708602333,85.60972550394325,23.128116013573827,641,2113,0.8456009017760888,1,1,0,0.5342188632498781,suspicious
91.03667196864284,72.33467365445861,19.881678140859666,2061,512,0.8907659422951526,1,1,0,0.570248691507009,suspicious
93.9386162828034,78.91153254027327,16.134172454760154,1362,1269,0.7686092719209615,1,1,1,0.3527271573214918,genuine
97.06214244287322,90.40619492868886,6.840302931597158,2580,2048,0.9886110212739422,1,1,1,0.6978514610085592,genuine
85.59844753167829,87.60607136134456,4.780450761890032,1096,1415,0.8838144385997382,1,1,0,0.8023764084798104,genuine
96.23937608643169,85.7794098512425,6.845768854441825,1435,1049,0.8598891733803866,0,1,0,0.7338319376490687,suspicious
75.30815296663164,92.41637995411195,14.922973041192208,568,1552,0.6850309840168989,1,1,1,0.7488103296866544,genuine
92.0129548396193,76.76848331322607,20.485270517132882,2340,889,0.8088943377875625,1,1,1,0.5862210069165595,genuine
87.55198261728738,81.61587267791606,9.90876866212988,600,1933,0.7535674970369339,1,1,0,0.6015825311627773,suspicious
89.07491990152793,82.24101325567678,6.837267551754258,2176,1597,0.7211677640241541,1,1,1,0.5996704855547748,genuine
79.23753162566034,95.65987367163333,0.0,1363,915,0.7967756553720369,1,0,1,0.7927257948254811,genuine
95.98032465063673,78.58923600646828,14.911086440904375,2851,536,0.7384632562992585,1,1,1,0.4426067754035281,genuine
92.5964619647693,92.50636362159992,12.012416494950873,833,1527,0.8060585446261087,1,1,1,0.9156247626338321,genuine
88.82414135570778,83.1686937924534,6.6029114696938445,2095,2016,0.7592465177886555,1,0,1,0.5768328457578183,genuine
83.45971206997412,96.55861170845719,8.892959195613209,986,2066,0.6746639011842993,1,1,1,0.8393903561841907,genuine
96.65186936282433,74.80128566172894,20.277732991952373,611,1596,0.8679181268619233,1,1,1,0.6080538478023639,genuine
73.84364549072653,85.96787158598318,11.523989908236445,2674,2091,0.6766363314202173,1,0,1,0.549306242719833,suspicious
88.44875198414675,78.9993217966344,22.931081689545643,2707,1868,0.8763226571960911,1,1,1,0.7871143560372013,genuine
82.80805281945892,95.42388814881105,9.33559491397024,2985,1089,0.7572398234686492,1,1,1,0.8931666851243828,genuine
72.78149751997465,64.6354758543142,16.691767861263443,968,1924,0.6021408094736876,0,1,1,0.32860429512543665,suspicious
87.49201833914739,96.7731618218238,0.0,2512,601,0.7382596065712154,1,0,1,0.7653568444062949,genuine
92.83591372660742,86.49143114203468,8.52481115274622,1726,2001,0.8227843535603783,1,1,1,0.716815413422634,genuine
95.76319720128853,88.47288422488391,11.13714659255536,1082,2064,0.84721725094704,0,1,0,0.4592225963377237,suspicious
85.27895429456377,83.64564109421849,21.81779876589941,1484,1415,0.8227686444688906,0,0,1,0.4146997671362162,suspicious
89.09486434337337,60.84293118702344,29.82327429076925,939,2058,0.7365854654261527,0,0,1,0.38670394327391294,suspicious
92.41293246647726,85.05887313577935,23.131719239239366,2041,639,0.9808446595159154,1,1,1,0.5228844498387852,genuine
91.75578516112007,88.60748206979615,3.597659850451479,1946,575,0.8544286898514311,1,1,1,0.5836370849181859,genuine
92.36156001981638,63.89234568877737,23.317690153460905,930,1017,0.6811340455862636,0,1,1,0.35357225651938085,suspicious
93.7083075621584,90.41401609026975,5.049710400608958,2460,546,0.7494209319424545,1,0,0,0.7086248772270883,suspicious
82.80159347351443,96.5671172279983,0.0,1912,829,0.8224119481554968,1,1,1,0.6654638032225896,genuine
95.86383541313081,94.83835136934965,11.987067846624047,2144,733,0.7787445594433627,1,1,1,0.8923827736079684,genuine
92.40338367155115,69.74496679601341,3.3024585212582096,836,1222,0.8225719616183685,1,1,1,0.5795921671662534,genuine
89.1550044451622,78.15801871599191,12.85650344332069,2510,1564,0.8465536992840474,1,1,1,0.7205817383342856,genuine
76.29851521931286,88.9613236016275,16.316458260168854,1411,759,0.7919230320237889,1,1,1,0.5090984798089053,genuine
83.69077633669615,88.29370150359449,6.593494504819756,1717,945,0.6951893199294575,1,0,0,0.6309627723258956,suspicious
93.69085966563695,86.30339357612667,17.78266011009251,890,1728,0.8984667657627592,1,1,1,0.7067730823915499,genuine
90.73999415838564,85.96252485317595,25.911895375091056,2970,832,0.8305234132304348,1,0,1,0.7420576211437568,genuine
83.8854652670018,86.4663609823696,10.712921792473105,1794,1000,0.7127917418342693,1,1,0,0.6140073720020527,genuine
92.55517767483022,94.57190682591089,12.253609763530031,2467,1840,0.8252863302845832,1,1,1,0.6964396685031113,genuine
87.80540986666469,80.69671854540387,31.41142375678598,2028,1112,0.8101793412579689,1,1,1,0.5985890462148413,genuine
85.45490632019566,94.13361909923745,7.214420626045197,627,839,0.7369628510034142,1,1,1,0.7173253271981014,genuine
76.27976354221259,79.2418059947663,15.232203192207155,2240,1844,0.7180717342051376,0,1,1,0.893638124738984,suspicious
80.4094594802432,97.14661543000257,8.457295649473506,1410,2129,0.8811761810797355,1,1,1,0.8147620819545441,genuine
85.83680413199241,95.22490268544516,11.870840259522119,1999,2024,0.8731259740000481,0,1,1,0.7665842614996105,genuine
78.43749483706384,79.94964656601383,14.766058018374155,1899,1189,0.7162767283371011,1,0,0,0.4885161559477611,suspicious
91.10710880684778,91.81540643457353,2.751539564144535,2462,440,0.8404661320254386,1,0,1,0.5862817360875293,genuine
81.63563012746889,84.70608601904347,23.49220271379172,1060,1161,0.6993517758355037,1,0,1,0.6520637074610305,suspicious
81.92807052288069,73.13133366473542,18.257198547393592,2925,1779,0.67456907998187,1,0,1,0.7206956901963556,suspicious
97.37381152016012,88.9827900106518,16.619008885386958,1508,2099,0.7324110462673972,1,1,1,0.6879655325573275,genuine
95.7107728773659,84.60979238944881,13.382726620333258,2298,523,0.85373328228632,1,1,1,0.6581209774189225,genuine
61.03673871118859,88.31164602367394,21.555021585854043,2074,616,0.672117791209651,1,0,1,0.617183334205482,suspicious
97.48450429271553,75.08759929723402,12.740979068486435,1913,917,0.8157007972910919,1,1,1,0.3917000419600078,suspicious
95.1531073674322,60.026822825253845,24.023020066831382,1880,607,0.6983763193407047,0,1,0,0.5326419315400258,suspicious
82.4889312748847,88.82890032036597,14.359729572535542,2029,718,0.7635405821298935,1,0,1,0.680109184863994,suspicious
83.73625843592538,88.99164838597835,0.34388856447511174,2654,1180,0.8741059662232237,1,0,1,0.7654569038735453,genuine
73.66979383691458,84.68916027048135,12.29952903456611,1191,854,0.762415092955039,1,1,1,0.6960691142222247,suspicious
74.87227306364449,94.42946801166593,15.016763621969682,1156,1457,0.7203854958287493,1,1,0,0.6397437228418315,genuine
70.8544690729572,91.3826889159281,0.0,2971,2106,0.8528052034037527,1,1,1,0.7581106956668101,genuine
91.49337986553948,68.47749847735943,26.456851092240424,2803,1315,0.9817980745105944,1,1,1,0.3928938446819137,suspicious
84.4959178174328,81.78079424705908,22.14662203997559,1487,1313,0.7152640422680068,1,1,0,0.6803514128425355,suspicious
90.83433891702947,72.38826557257377,20.52744716519529,1305,2119,0.7517230854385017,0,1,0,0.5715656611531057,suspicious
90.7669990202195,67.42478288110931,17.94176302660732,2369,1491,0.8140139547735294,1,1,1,0.7242701688548451,genuine
94.34325736542031,75.12749512332971,16.81612260084465,2801,2188,0.7280118013125684,1,1,0,0.4969931447103124,suspicious
53.961507458891106,90.14978314232101,1.5180241379408397,2870,2064,0.644054995015292,1,1,1,0.5619717054143385,suspicious
84.26600352936677,67.85534389058489,24.592599657176425,1120,473,0.7254847981442645,1,0,0,0.49326322583822313,suspicious
91.97095819589276,98.40419566802653,0.0,1034,2089,0.8735527966023228,1,1,1,0.8603238833310547,genuine
95.1971771434613,76.36420003447107,14.134026316902332,1769,698,0.7636571239667567,1,1,1,0.2751867946363604,suspicious
92.33038432426031,84.42092888889324,14.947335098061902,946,883,0.7481835517742236,1,1,0,0.7804313747458624,genuine
73.7105021557006,71.90667983535297,32.12379947833497,2831,1397,0.5000477263271947,1,0,0,0.5502195673944672,suspicious
86.37112134431365,90.67151154622329,9.291112492244057,1381,1790,0.9068735393202076,1,0,1,0.5883428827482137,genuine
97.50675181006572,80.87667748490388,23.748150879428426,1194,2111,0.9113012959214397,1,1,1,0.6028719513813744,genuine
58.218404429636074,75.96154972340005,29.08061199191313,2930,1230,0.6221922236018629,0,1,1,0.5187636325552702,suspicious
91.76033792065985,78.60456659816452,11.940092935149295,2622,904,0.8208197050500587,1,0,0,0.48182387170346674,suspicious
89.69075549143666,77.11531793306165,19.08752107814212,2855,1093,0.5914399862650089,0,1,0,0.38429003232001124,suspicious
89.85181275537768,85.91054557548453,7.592457309346241,1753,1061,0.7387250528470599,1,1,1,0.7749418380260381,genuine
78.65112051743756,95.37200527428476,0.0,2482,927,0.7291758202582134,0,1,1,0.6958384071510715,genuine
74.84498339271951,84.48954301131907,14.123168822542679,1549,816,0.6112085413803323,0,0,1,0.6289393323337586,suspicious
87.00075479545998,88.67037672681285,1.132170128551115,675,1676,0.6516990915926645,0,1,0,0.8107363439879277,suspicious
92.26373692140373,93.08776829501029,8.574296707934423,2159,2142,0.7542446827827586,0,1,1,0.7514058691141094,genuine
61.13519104744828,92.99046488658922,0.0,699,1473,0.6337863399126794,0,1,0,0.5567936441809742,suspicious
86.92883336108818,80.71431501479681,15.661214735245625,996,677,0.7707751229056573,1,1,1,0.7264501485670741,genuine
91.8078973679665,82.64618421216522,2.020230810965577,1241,1603,0.8759686201372129,0,1,1,0.8392297704507632,genuine
60.90435277617657,77.73949124284064,21.412434932473005,2147,1416,0.7552813972236879,1,1,1,0.6822872223985039,suspicious
91.55726261746734,94.73998624983227,1.191349797499461,2445,1122,0.8868330942459581,1,1,1,0.6541185014498165,genuine
62.51132409822134,62.402947122606406,24.769237905296585,941,441,0.5482869997363847,1,1,0,0.3224896200479602,suspicious
52.736235948209156,96.64723089165396,10.40011078996005,2337,1797,0.7284297318574293,1,1,1,0.6650107189777684,genuine
75.73535034503138,81.55100136544786,11.585757798418893,2277,1483,0.5696023664217715,1,1,0,0.664771963351074,suspicious
69.87838462865045,95.49357624578154,4.155786030175758,1993,822,0.5266359928113294,1,0,1,0.9350993630034429,genuine
76.12661265496568,84.93084732926664,9.91155105426758,2027,1106,0.636212227759268,1,1,0,0.5883238772301701,suspicious
95.69355378639403,82.44221844776553,16.720083099577856,1504,1350,0.8930886415628392,1,1,1,0.5816683697568552,genuine
97.51632157242987,87.61344079766451,16.59053385758979,849,1418,0.8663745123767218,1,1,1,0.8234808286821506,genuine
95.22851086415328,90.72489904487446,12.805773914583252,834,1582,0.755531671786255,1,1,1,0.6737177467096536,genuine
68.76897757647896,76.95604402549112,14.016286993981984,751,544,0.5812209014792503,0,0,1,0.82132588895992,suspicious
89.81627755617234,96.86176263985794,10.817006800347297,1698,1363,0.7266415306754889,0,1,1,0.7571217689317973,suspicious
91.39012319728599,91.66166765699457,0.0,2018,564,0.7238692971330659,1,1,1,0.8734257549038325,genuine
95.79140446657208,95.58575139550912,0.0,859,697,0.985693129501594,1,1,1,0.81061987429741,genuine
79.71490976087125,94.55309864865745,3.1905708628222182,803,566,0.7430548625672816,0,1,0,0.841275622862597,suspicious
82.9985559337654,95.85079023499094,10.439510489218325,2238,1518,0.9206841562224657,0,1,1,0.7455582092396131,genuine
85.88354431069462,80.70630640861958,6.279210257430078,2063,1904,0.688807653761427,1,1,0,0.6322509637724991,suspicious
82.00494632075693,64.62064986329591,32.77490161149865,2831,2142,0.7338737768014075,1,0,0,0.5672355762128328,suspicious
74.75712391563425,93.99784735712542,4.1183848184300915,2998,1704,0.7390825366697611,1,1,0,0.8477595371537537,genuine
82.48769867385504,76.46294306138293,14.616658038859864,2970,1808,0.7977019248734339,0,1,1,0.6748309350252452,suspicious
71.87114911505623,71.11838575741709,29.345855246372672,807,631,0.6653223140265303,0,1,0,0.3568535407071053,suspicious
72.05564065564606,83.92991437208232,6.433868420122636,1413,410,0.756993121653703,0,1,1,0.7023611973279604,genuine
67.63180663242169,80.46471480991698,30.651196968811757,1685,969,0.6851043391363171,0,1,1,0.5649272425475322,suspicious
94.19343849468503,76.40876609567528,16.45693290844756,2348,1052,0.7159775142614373,0,1,1,0.5457645465681137,suspicious
64.10903193059185,72.56826158493425,21.622695740916605,2811,1186,0.6567465426653739,1,0,1,0.6354464234245666,suspicious
69.99696072292063,88.32630319965348,19.555607712810023,2581,1597,0.6675480802387306,1,1,1,0.9103606964324028,genuine
95.48762694718017,98.71727813611103,2.1935491479789198,2843,577,0.8053252041641892,1,1,1,0.761892093713067,genuine
88.78731571084798,94.14776387814116,12.711259240315766,546,587,0.8680051839519296,1,1,1,0.9899277843282505,genuine
82.87221499054627,89.43974625351291,0.0,574,1912,0.8359934468969108,1,1,0,0.5838781194937269,genuine
66.76975208863242,83.13370724015404,9.551540288687725,1528,1442,0.6031524435318023,1,1,1,0.8128787825404292,suspicious
94.9409293152871,89.88156083470365,10.36596582293041,2520,1053,0.813774749171857,0,0,1,0.7707355329217279,genuine
89.07363003233823,53.217936496553705,42.65648271094859,1316,1900,0.601053812346143,1,1,0,0.4507702901957237,suspicious
70.22920292721861,73.27333245236588,25.43287656855196,1096,1607,0.49529497993089405,0,0,1,0.7521661445726797,suspicious
70.49431754697906,91.68734862290692,10.966713288350043,1096,1908,0.6680467718493491,0,0,1,0.6571148459454387,suspicious
94.50315943423564,94.34322869612801,11.669983374385689,2367,1556,0.9134929666346555,1,1,1,0.9080541344846383,genuine
77.42479151074643,85.0280924517352,14.554068235054071,2468,1309,0.6699701203966477,1,1,0,0.6552269863987299,suspicious
49.16194107335567,73.00458550843845,5.244272681142023,1387,2046,0.6162875738583206,1,0,1,0.5069838914232381,suspicious
73.55930228358436,83.90250958369768,22.168540579822547,643,2183,0.6714858194559961,0,1,1,0.5120210535961085,suspicious
72.34010486929708,65.66000598219607,19.891340520047745,1062,1736,0.6182799505960397,0,1,1,0.7155225204827973,suspicious
77.41032607257755,97.31855220198906,4.206460900057358,1223,1533,0.7233361631337547,1,0,1,0.915499731201606,genuine
85.03973060685509,82.21007459186909,14.609477384268576,1677,462,0.8368108413280458,1,1,1,0.6003129976557912,genuine
82.78460090255682,78.25499128956227,16.64004986631725,1459,1966,0.657024538466231,0,1,1,0.6914901703815219,suspicious
77.13390804202365,90.44289240764327,0.0,939,679,0.7171608199062148,1,0,0,0.7387350893851884,suspicious
95.57782802477108,83.72298654971746,0.0,2968,458,0.786773592312393,1,1,1,0.6274343699348118,genuine
60.8637763447679,71.37461759449896,14.452384457951172,1560,1201,0.5291256471599046,1,0,1,0.6867679201306094,suspicious
73.49086669926545,91.47018643638754,12.181029233419725,1054,539,0.7091784471944609,1,1,1,0.656711503248496,genuine
57.0563750138784,81.70550922115855,3.5945150461818667,1487,567,0.5660643473805399,0,1,0,0.3906471014307552,suspicious
85.13716442547701,95.21563147763872,0.0,2362,1234,0.8755643513520192,1,1,1,0.7929055280003633,genuine
94.10668517327449,83.87533724618666,15.019823641956974,2908,1105,0.8205198607257618,0,1,0,0.6790146298019899,suspicious
86.64566366957158,90.38104613177362,0.022242677095900554,1613,629,0.8335498887802363,1,0,0,0.6518557908870026,suspicious
91.41336265177843,80.92882391233353,10.502044737516844,1855,2160,0.8103293287423271,1,1,0,0.540340148363242,suspicious
91.80735634574744,82.0893011034621,14.005774784894069,1253,772,0.9142717890227705,1,0,1,0.46958662704505094,genuine
79.20092874029999,91.16582922057572,8.60412725847932,2243,770,0.7185298123631464,1,1,1,0.685800028977907,genuine
87.99969667231919,85.77019497701839,3.3417721299868877,2217,1853,0.7624578043272199,1,1,1,0.5811336955641229,genuine
81.14369214440657,93.94985958785841,5.524205725174431,937,1669,0.8219117349304078,1,1,0,0.8673263887249567,genuine
70.58741746599866,79.85685944572607,17.89933868575136,1872,1040,0.6331801347945771,0,1,0,0.7008351899740396,suspicious
91.3928007798122,85.22612336526724,2.1680038078251975,2994,868,0.8469898482614312,0,1,1,0.6236649186577004,suspicious
90.69126573871546,84.41627456046226,13.191694912044106,1085,2044,0.9875670661457503,1,1,1,0.7380565513250086,genuine
85.53124019464363,85.02967020531983,6.211664737797443,1744,461,0.6902110237624901,1,0,1,0.6673403943477834,suspicious
89.83106994466215,89.81727924552443,8.504446830659207,2179,1553,0.9309787900651841,0,1,1,0.686204331954313,genuine
84.67928575551942,91.56002403328964,11.391534996082784,688,577,0.7399388872292616,1,1,1,0.7259030183473043,genuine
87.401222603961,77.76358942620722,15.443494786023239,1804,406,0.8695312133721247,1,1,1,0.8346658787133799,genuine
77.35388038839835,72.62172818908894,26.927611770036684,2023,587,0.739238211415372,1,1,1,0.6582560442991365,suspicious
85.98953775093042,91.66246729079094,11.788847421589251,1861,1412,0.8361143763532661,1,0,1,0.6974818737056204,genuine
74.24856168123495,73.79531035510075,26.00832790049089,1295,938,0.6550268750428894,1,1,0,0.6976260372451571,suspicious
83.74454601123097,91.73592221781897,9.0198279155951,2513,1644,0.7536390930716951,1,1,0,0.8368243237404127,genuine
86.75478154208902,81.40454790658379,21.651957303138,1235,2129,0.7096568433867125,0,1,1,0.6824024595732321,suspicious
96.76225884030794,88.1980400049388,11.547137121007612,1776,470,0.8499518657940667,1,1,0,0.6661559433820434,genuine
84.8686221495467,85.65018319744172,0.0,1292,1517,0.751058586264536,1,1,1,0.6378483113531652,suspicious
66.43977516305455,97.9232682100277,0.0,2631,2039,0.6919481693338909,0,1,1,0.6543685491858878,suspicious
88.34992826880115,88.81670087422991,6.908674878120884,1626,621,0.6834638778097446,1,0,0,0.7321926835486432,suspicious
95.7770850982733,76.42643076504885,17.069615580533146,1464,1153,0.8154287396374423,1,1,0,0.5382273313994622,genuine
92.19041703034208,96.64253972413569,5.022266521619289,1218,526,0.9418562988553828,1,1,1,0.7207340169847223,genuine
86.49604757079872,90.28527310223254,1.6373820472054037,1840,594,0.8634613747404454,1,1,1,0.7971643312377107,genuine
85.47559919210596,92.15336809629362,19.945934859625726,2447,2148,0.7878149571019566,1,1,1,0.9396888464261298,genuine
66.80746772865795,88.2289419740191,8.111085353137476,2059,850,0.8598143433493232,1,1,1,0.7507356835054344,genuine
61.22120125805306,94.4657806395764,4.09684994791284,947,708,0.5879139953826332,0,0,1,0.7431086824371801,suspicious
89.67104679719188,88.55724680508045,3.886821146249039,549,2011,0.7973211577689574,1,1,1,0.706206343783816,genuine
83.83203549042221,75.67005210964582,11.223823596506087,854,887,0.6180421612042474,1,1,0,0.7419161825166851,suspicious
97.77555936910883,96.55434693182312,1.700117607150868,2729,901,0.8446361783000231,1,1,1,0.8189590871678449,genuine
81.51432025291071,92.95831934628856,5.474115559609996,761,1915,0.9052640103589996,1,1,1,0.7669148803778532,genuine
80.817297908436,89.2879564417886,7.425703993191121,944,1765,0.7192938329317435,1,1,1,0.7460520969147506,genuine
83.0682412144063,78.49308427977691,27.716278391429498,1526,1399,0.6139497831406011,0,1,1,0.4565105744458613,suspicious
81.80950888225493,76.15087137197102,17.002681011376914,966,1927,0.7918988968281556,0,1,1,0.6560641402008707,suspicious
81.78357699317597,81.99739094005784,12.9004518738927,782,808,0.7677235471824907,0,1,1,0.5509528334192493,suspicious
79.79798025813837,76.56007432685806,23.287012604199226,968,1835,0.7765387427770698,1,1,1,0.6598106837205631,suspicious
95.47628623647401,87.69140608047483,8.033984637139467,562,1596,0.8160602894788386,0,0,1,0.6133084925319549,suspicious
86.83191917648553,88.24376613149587,12.592548882494166,1789,1428,0.7044469808077072,1,1,1,0.7768904775274513,genuine
77.66051274779272,96.00851238658028,0.0,1236,1069,0.7301247495789257,1,1,1,0.7496993940461382,genuine
80.79978114074393,93.51286265538707,0.0,1222,616,0.8033683329640675,0,1,0,0.6106595768809023,suspicious
66.84297843439823,82.42941667567216,14.032347444434986,2951,1447,0.634766746306632,1,1,0,0.6245536198244246,suspicious
73.17283014526,66.89473707466206,23.2076240950005,2792,1846,0.6738966524934182,1,0,0,0.799864521397827,suspicious
84.11183499114934,91.91697138278977,0.3990979919663067,527,574,0.7335738928720396,1,1,1,0.4625691510968368,genuine
84.05684292782877,80.7114990110883,15.319337879858647,2769,688,0.782155948873088,0,1,1,0.6656529951188223,suspicious
74.52221941804495,56.7059632242438,33.934228241042,659,1985,0.6259182192410805,1,0,1,0.33237984462285164,suspicious
95.06570918408332,82.2985445312681,8.306813461348309,1969,1955,0.7672035577295219,0,1,1,0.8236135331460022,genuine
89.28558634787582,97.98099471158412,0.0,1958,1472,0.8365048104473674,1,1,1,0.8818050676078668,genuine
84.63454660439513,82.51116168112453,14.632944585256837,2047,1225,0.7254670854557996,1,1,0,0.6823984928417086,suspicious
84.78927789567959,89.6424302072783,0.6206281853038744,1745,407,0.8246095392703955,1,1,1,0.8272313103090663,genuine
78.88365906087438,53.62876921860793,30.550193013952292,2167,2042,0.7166682598407854,0,1,0,0.45837875072367545,suspicious
91.47720208943005,82.89862373199954,16.563578184911012,760,1406,0.8419713962354575,1,1,1,0.6639233152793586,genuine
98.68844787225142,61.5043440366441,28.704889762570495,1624,543,0.6644367783379819,0,1,1,0.4201716671465364,suspicious
90.03641161808588,90.21408889048465,3.9990134244453595,2737,1052,0.7335902374427543,1,1,1,0.678402960890629,genuine
98.72558623309727,96.7174133796711,0.0,1903,1903,0.832583694649088,0,0,0,0.7180519694587769,suspicious
84.02707448975158,92.64432849811348,0.0,2186,2030,0.714081681882208,1,1,1,0.7423959806769079,genuine
94.4732353449896,81.31703831121918,13.089932896292343,666,1546,0.773940867520882,1,1,1,0.4234841480610756,genuine
55.30083746314451,69.4413029322738,37.09971046345013,1737,649,0.6070785787665239,1,1,0,0.6790901446571462,suspicious
90.4799879384735,66.72882955452232,28.91388433096354,748,688,0.8108343505694938,1,1,1,0.7674552382262891,genuine
86.14904099438816,88.90949740840296,0.0,1859,1001,0.7483344036056,1,1,0,0.6594100743085453,genuine
66.3075749933134,71.0502440194033,26.662830157240222,1356,1773,0.655968340304377,1,1,0,0.7093961867412746,suspicious
83.81326039899253,66.1516569815256,20.074051008572525,2491,1776,0.7364726992445039,0,1,1,0.5131209066469768,suspicious
97.03624202388264,80.74842942562492,14.404676294534887,2465,1748,0.8299779418389909,1,1,1,0.5737110848695605,genuine
78.46314147823159,82.81505985488224,8.766680877451961,745,805,0.8089060454541136,1,1,1,0.6167063972079599,suspicious
93.06471672001187,81.29344360375492,28.189200987301817,1431,962,0.7552505630955918,1,1,1,0.6606306468434695,genuine
76.26530734556425,73.72141777614743,11.770181285885034,2833,963,0.68424880516761,1,1,0,0.5032145890962375,suspicious
91.99197584193959,85.87442766858275,12.78946504151116,537,1712,0.7285651039572321,1,0,1,0.7597372982353832,suspicious
91.92968198177441,87.72704696529425,4.40744814627056,781,1789,0.7366261939118478,0,1,0,0.6395027805495207,suspicious
76.59957688069849,88.97714849171813,13.438935186847518,2836,453,0.6114789189628352,1,1,0,0.5830300209692157,suspicious
94.72688442950682,84.61456601054421,13.593252232531954,1646,1682,0.7483925917276563,1,1,1,0.6745265603142026,genuine
68.98342402632412,81.35339156873783,22.766824846510797,2047,1099,0.6584237799853901,1,1,0,0.5675548899590407,suspicious
85.07519970712602,94.85493314926678,8.885624700640815,1119,1047,0.7659273966301318,1,1,1,0.7195616844570246,genuine
89.94379262192861,82.11845849175724,8.556419049067497,1541,1315,0.7683410950394024,1,1,1,0.6504305561641418,genuine
66.55477750721728,88.9396872979304,28.708652569286187,2163,1241,0.631022222586389,0,1,0,0.5507526810004245,suspicious
63.77223382186176,90.95920769225046,10.668577166369664,1275,2164,0.7837369490774272,1,1,1,0.9027374973588821,genuine
88.31391595165371,97.26425637714945,0.0,2600,1394,0.7262266827248525,1,1,1,0.8756313565059057,genuine
85.6784592925867,83.04249763578461,14.156909523085078,2815,1886,0.6649887639126828,1,0,0,0.588733434857809,suspicious
79.0634124141271,62.03419939681798,32.89018583977156,2042,1999,0.6013638717779964,0,1,0,0.49397834193734796,suspicious
83.85200449093385,64.72308135903913,30.607250333267324,1156,2169,0.7010941458170687,1,1,1,0.5940793223537996,suspicious
98.55010915262562,93.11264552608452,8.637712538754059,1060,1591,0.9145390283142423,1,1,1,0.7699467569546343,genuine
89.63353411035465,89.1844496305047,14.877037854571073,558,2105,0.8550661049044045,1,1,1,0.9390578052434433,genuine
90.91167580926991,77.93270303145073,22.627669793630375,2449,1467,0.8613287156484642,1,1,1,0.594822050764386,genuine
83.26622302273188,74.9723910709848,12.837743533108712,2744,1065,0.7200023180418439,1,1,0,0.7424566558618948,genuine
89.95506121140234,93.967410968242,19.28082050186916,2857,1860,0.7879207357021759,1,1,1,0.5915827966273666,genuine
82.06757542866474,82.36663466405624,27.007238724809323,2944,1988,0.8700326825426458,1,1,1,0.517237108561936,suspicious
88.30735231164199,89.23418037124782,13.681118988243231,902,948,0.5743465707980706,1,1,1,0.9160100884468658,genuine
81.09845654852022,75.51351386843334,18.635741621529338,2246,2133,0.7209444740319966,0,0,0,0.55227339239161,suspicious
96.77599624809238,92.3866374570626,6.101223086182773,1134,1199,0.8944111248147724,1,0,1,0.5989993851704482,genuine
72.00457568203097,96.00158810120878,0.7324581605309115,936,814,0.8579284323763765,1,1,0,0.7622857704787035,genuine
80.44305918425061,92.45235210361032,4.300046347561812,1824,1636,0.6211654712082352,1,0,0,0.8912960257296321,suspicious
70.7174954136791,75.4041816822633,3.139372834016241,2190,838,0.6145631633202239,1,1,0,0.5116104906484931,suspicious
90.11708875112183,82.91869011495957,23.522826584170716,2350,1127,0.6844489860807529,1,1,1,0.658344864761385,genuine
88.21110309538507,85.421703454596,19.175897900454764,1729,1360,0.6430643193503913,1,0,0,0.46083492465272324,suspicious
86.3870211594419,84.62643301842218,0.0,817,1262,0.7567196646723139,1,1,1,0.6207507222820198,genuine
93.48001080895217,86.52948736122643,16.332799883166288,670,609,0.8905912892702479,1,0,1,0.8118998352076399,genuine
52.69212044778179,90.17908710548207,7.311682415714936,626,688,0.6644240677407749,1,0,1,0.6273116181823646,suspicious
58.68503958051333,72.67187447436342,19.102771169017753,2418,544,0.5205826188501059,1,0,1,0.42874632881689984,suspicious
83.69538715748476,75.53591573656533,21.79795375752454,1917,1498,0.7861819051075913,1,1,1,0.511153721222754,suspicious
81.53576945176265,82.30461934031979,1.0720251694003409,1355,2186,0.7199265539206986,1,1,1,0.5852752167427455,genuine
98.01130963626593,79.16048445557652,15.550892383003042,2493,1553,0.8795006261044713,1,1,0,0.725049538219053,genuine
78.11206132670527,77.92105918400371,17.115573849585786,1391,1406,0.7948890663963315,1,1,1,0.6689417630187935,suspicious
67.4588681210382,90.44655021817647,7.728230088330937,1244,1941,0.6490605831842493,1,0,1,0.7923253188461605,suspicious
94.19330422140159,66.69228203004863,15.408362688857588,2519,444,0.8651451331082325,0,1,1,0.5369501096074222,suspicious
82.31028386054662,96.36786409963997,5.85251367589971,1958,553,0.6788943223143054,1,1,0,0.6965595384491725,genuine
78.48695192738707,66.21738781656938,32.755664110007565,2193,2183,0.7282294984269623,1,0,1,0.43657525960926563,suspicious
64.73547633869018,87.36389409939969,12.32839967405646,2509,2020,0.7218841932730641,0,1,1,0.7507904877246373,suspicious
96.25027092316061,90.48499728622646,5.531936657082233,1282,1399,0.9262559907459597,1,1,1,0.9145603220466967,genuine
71.91805039797134,94.25798444143005,23.129795889362914,572,554,0.6083105837044291,1,1,0,0.6411756661182478,suspicious
70.02442781727999,87.65192578712212,2.7890321605148563,2159,741,0.6578237153250305,0,1,1,0.5790574114798508,suspicious
96.63574228452345,88.11941431105362,14.32459837000506,1340,1742,0.8726048710448775,1,1,1,0.5686559912901571,genuine
80.74683003508576,78.7419790468189,17.646431654650662,2926,815,0.7571535380772161,1,1,0,0.7297191911600017,suspicious
93.88572790992156,76.1692073088511,31.959285166075748,1258,1460,0.8099503256360494,1,0,1,0.6042964973918119,suspicious
58.57713104424096,88.12837974178954,11.610963905060803,2494,1764,0.7154072037088279,1,1,0,0.7716746583314286,suspicious
91.78883741044079,95.5215465274917,7.566926819346671,2308,1131,0.7317796286329872,1,1,0,0.7032162052468434,genuine
92.34903278832545,95.73236546762399,6.7407447702318155,2269,1248,0.820379560074522,1,0,0,0.8400472258428097,genuine
89.11960670716199,84.51165210265326,4.2080032210058995,2166,2063,0.6555348058500743,1,1,1,0.641576975807312,genuine
79.80301866519495,95.29109653911168,0.0,687,2165,0.806647267487858,1,1,1,0.5769377058187258,genuine
77.41115614665306,92.60541810730122,3.6162612831093264,2567,1222,0.7790556160167207,0,1,1,0.8515911333483344,genuine
66.41056156646755,79.86049026576775,21.806312023028607,1172,767,0.8992081451037591,0,0,1,0.6345368901808592,suspicious
86.87392483670521,90.52512841231294,8.737830861604284,1872,444,0.8731021051402328,1,0,1,0.6869651527655556,genuine
91.77591153432941,65.45042116570926,24.46503991888882,1142,724,0.7866786891796826,1,1,1,0.5573582630823141,suspicious
87.2939907921973,97.63823635659111,11.376721340364007,1069,1337,0.8318981370946672,1,1,1,0.6078059192210165,genuine
94.11538107187118,98.23240119487893,0.0,1450,2164,0.8320021071042444,1,0,1,0.8375459818034863,genuine
79.25099940225485,97.21908399545727,0.0,1583,1358,0.7686182216204606,0,0,1,0.706255397440063,genuine
88.01581942509969,90.21313844903482,0.0,2772,2170,0.8197355893132454,1,1,1,0.7029724888993955,genuine
95.41804719007618,69.7096285710858,31.175952106056098,1490,1740,0.6373106311250053,0,0,0,0.6943922766328235,suspicious
76.07941607222713,74.6358484847802,18.34603062440353,2868,545,0.6968589129219868,1,1,1,0.6741501454360921,suspicious
72.49015534814129,85.98090085553326,17.278366809199596,2170,1045,0.6942190273717308,1,1,0,0.6666814136189958,suspicious
91.39279537566046,88.19256540462183,8.090767615307,2092,1447,0.9548556455914398,1,1,1,0.6934104841107255,genuine
91.60703188388085,79.66373034686622,22.41448791953906,2885,533,0.7840712923281924,1,1,1,0.330041503538678,genuine
93.20947696297046,83.60282258319764,11.410616849383302,2982,434,0.7536250284109401,1,1,0,0.5701955562900403,genuine
95.96377656120673,78.26140817504239,19.17332384440341,1644,1029,0.840900634651847,1,0,0,0.6461465260086318,suspicious
75.09582634416884,85.22608496473902,12.925030712124618,1492,2009,0.7071359293994494,1,1,1,0.590108877819736,genuine
87.29074291416188,88.32684071487402,11.11882049306025,2097,1485,0.7777588808793691,0,0,1,0.5474428142280939,suspicious
79.93224193476334,74.02930267484814,31.271183535318777,1010,1342,0.6023137243993534,1,1,0,0.649852387764957,suspicious
80.88505355926708,89.37053095820073,0.0,944,1381,0.7366976156259901,0,0,0,0.87173758106627,suspicious
91.47955367532232,95.96511835318124,2.547477744005012,1283,1381,0.7881945449938271,1,1,1,0.6811532631954011,genuine
95.09245022463718,92.76300952876069,6.813653352675687,1936,1925,0.8326899303690568,1,1,0,0.8471053098169015,genuine
48.15913722780554,87.02395522492701,10.070042679516956,2996,975,0.5891665378983415,1,0,0,0.7831683298862898,suspicious
90.0684598163265,92.38044329544991,2.929470984538845,2321,886,0.7624349499050783,1,1,0,0.62182537846514,genuine
94.97838607307743,91.16351494045867,2.884349803784527,1269,910,0.8275696981861866,0,1,1,0.6419856492720263,genuine
89.33956379671184,84.87211602785811,22.056015566982804,2410,1425,0.8361838521035914,1,1,1,0.8953492488289418,genuine
85.04923845374792,82.14154703696423,12.898792102420067,1790,882,0.7366217348119773,0,1,1,0.5230896513592217,suspicious
97.75294514368474,92.93072515256861,22.36758187285516,2935,2157,1.0,1,1,1,0.6703633753525229,genuine
86.25931720591693,92.21910601817086,9.533595390995794,2034,1642,0.8111426469569316,1,1,1,0.9736427186953579,genuine
66.4355171784404,66.70273502232916,22.94535977282333,2969,964,0.4992359366336186,1,1,1,0.46535756470406686,suspicious
67.4068346637549,89.75203969685717,11.554722110609566,2445,869,0.5953803051104354,1,1,0,0.880375226407685,suspicious
90.65883441896405,94.2714998305455,5.058905220154871,1789,1185,0.7497663902126432,1,1,1,0.6315300103898632,genuine
85.34927302244526,92.79419738948746,14.798346826460131,2458,1948,0.7207536652116905,1,1,1,0.7589456810440578,genuine
77.7146573565145,91.22344493003257,0.0,2652,2190,0.7761621345999791,1,1,1,0.8600980089240439,genuine
92.22238621400643,63.71751913707563,14.603558763291225,1020,1358,0.6702185517296698,0,1,0,0.45364425154434534,suspicious
69.74209419163662,72.08114015731346,23.466011955398226,2343,660,0.6070300021321035,0,1,0,0.5886174787667614,suspicious
77.44448457269472,59.089705518515274,36.53259214754013,2978,477,0.7425331661796586,0,1,1,0.5620499979895056,suspicious
85.18219188542959,72.48803701845698,22.635310383482775,1812,1433,0.6933225674372542,1,1,1,0.47166511853099813,suspicious
84.00216085674387,97.435048056272,6.631040210579641,1634,1521,0.8433205907342858,1,1,1,1.0,genuine
93.48627495828723,91.27433406217277,10.222307492412188,575,1066,0.7012090020794723,0,1,1,0.8547216029895389,genuine
63.25725213128442,92.18006401697909,0.0,2348,2001,0.6119730945658771,1,0,0,0.6945666405921627,suspicious
86.5598118285681,88.08372618842262,10.905883285328658,2943,483,0.7119724613614855,0,1,0,0.6764910703225345,suspicious
91.10985978077646,82.23368037228252,22.542204365788127,2039,952,0.8217799660331372,0,0,1,0.8872759322080085,suspicious
83.88231401106302,88.1422602831803,10.09567347129397,2914,1770,0.6828084415631647,0,1,1,0.6625603342868239,genuine
58.059820741547355,91.55901355199208,0.0,839,838,0.7718589191175095,1,0,1,0.675813089319462,suspicious
91.20217596337976,69.10123905488976,20.83707088216874,1795,758,0.6344164498724056,0,1,1,0.6903497603702533,suspicious
84.68982753211525,78.60139629553387,19.946249886342194,2439,1715,0.8378498612078832,1,1,1,0.4607442469775469,genuine
79.02483618824029,78.39941712464403,28.769849136103346,1361,2006,0.7799221448835119,1,1,1,0.6177954767323002,suspicious
80.90946922230734,88.0938574600327,0.0,2593,732,0.7709350861174797,1,0,0,0.7148499686450153,genuine
69.09009679635656,87.21263091182922,12.119151649843097,779,1152,0.6714718667368501,1,1,1,0.6132553952308981,suspicious
93.17041867498081,50.368625990092184,30.698077611020036,2654,2155,0.8799259800151318,1,1,1,0.21507712176554206,suspicious
84.7191443813313,85.05089650693874,14.765917294167199,637,660,0.960978790898898,1,1,1,0.6886992253072526,genuine
82.77864695307072,86.8684130913928,13.963508994305197,728,649,0.7386509028616192,1,1,0,0.7775289928934825,genuine
68.39401960130672,87.33714790562723,7.865108554373801,2509,843,0.6755255470752933,0,0,0,0.6172105255101032,suspicious
94.23070312339487,74.79923639596956,23.32176711906194,2922,1263,0.7553056438717546,0,1,0,0.4568170194532677,suspicious
64.52358150129196,87.41841411323273,17.415459430464956,1524,1900,0.5444063232075044,0,0,1,0.8500770726197628,suspicious
94.83116673577568,80.03177947613509,13.8241634549338,1050,1183,0.8535310528140456,1,1,1,0.7036295802782546,genuine
87.96238638422778,76.18682809906218,8.49975705554848,1907,1073,0.7821923739839661,0,1,1,0.5660782724216145,suspicious
89.5676045190208,94.36705760707437,14.203716542238396,1212,1929,0.6892893704805176,1,1,0,0.86543900898821,genuine
75.54328753673866,71.65051569130972,27.06297724480455,1253,861,0.7066378170322487,1,1,1,0.6022128896677297,suspicious
77.15867131643483,77.86037485006078,20.55101388397391,504,1059,0.7188334889264584,1,0,1,0.8375887928667141,suspicious
77.45175174941026,83.03188679539721,7.889318359620823,2035,848,0.6629165283563324,1,1,1,0.7439554272391165,suspicious
81.29446218606628,89.36377555502837,14.875219453787512,896,598,0.6985016302266954,1,1,1,0.5481263469653677,suspicious
81.63743113948776,96.32654584692705,17.052070117823774,2397,1450,0.8053620484168046,1,1,1,0.6915636609942601,genuine
94.25346969497645,79.73447902530948,14.349968419276594,1020,2144,0.9406942829950722,0,0,1,0.5645671964417609,suspicious
64.72957661982058,85.8524766533413,11.27209140852761,2733,862,0.6672450900346193,1,1,1,0.7239670180669522,suspicious
95.85913392163937,84.70101907392802,4.017901118679385,2212,529,0.8972756582756969,1,1,1,0.641189437231821,genuine
81.52372045388626,70.30903380290752,17.231430636963104,1740,2084,0.6391010559663408,1,0,1,0.42719782863252376,suspicious
67.0064279338214,92.82835387350949,0.0,1555,591,0.6344708750875188,1,0,1,0.8133236211161531,suspicious
71.94674989868375,86.04779174221409,11.379913902615288,1250,488,0.7314146955278636,0,1,1,0.8083963976139829,suspicious
77.44426789353597,90.29779013181079,4.891204732067898,674,1726,0.6204646258655855,1,1,1,0.7100541876514314,genuine
72.45457044964068,65.62312462655424,28.392258326722988,692,680,0.6515886553533309,1,1,1,0.5501200048803401,suspicious
86.90687583300003,79.42176945578834,9.19036704630613,1921,2193,0.8029229592097675,1,1,1,0.5192673534747718,genuine
99.31279747072738,97.73393608891752,0.5266520849511811,2635,1172,0.8867852957850958,1,1,1,0.7191670018341237,genuine
81.85920343920228,96.34345702182824,0.0,2234,1606,0.7984932275044467,1,1,1,0.7129516926234408,genuine
84.57448463794836,83.50208959794168,13.686433845428338,2634,775,0.7631149619642205,1,1,1,0.7350470969960048,genuine
87.10157753614081,67.18687237308431,13.183575620561262,2348,781,0.6843545066993996,1,1,1,0.5682181424181159,suspicious
85.18022803129395,91.17615516255897,7.678931781664299,1383,1802,0.6873633288101659,1,1,0,0.6898461712927515,genuine
81.3250017316966,72.73644396769981,18.496555072719605,2836,1318,0.7032285532314444,0,1,0,0.5375656707136764,suspicious
81.34622096851388,79.15025314416138,16.90405876433639,1018,2050,0.8309865494272317,1,1,1,0.39706383714286436,suspicious
85.76367361039219,92.80347105439417,0.0,1184,2059,0.8714230145777047,1,1,1,0.9351326945325376,genuine
80.65555460530645,95.81824848363658,7.719323354821071,2184,1480,0.7361801425033617,0,1,1,0.516292482797102,genuine
95.22329683820578,86.10151441240679,8.332663942539893,593,1806,0.8049168603889303,1,0,0,0.7394377732509211,suspicious
79.57229838139415,95.00490507321534,5.2661102026215065,2392,1938,0.7195552110071419,1,1,1,0.7645644053428075,genuine
82.74967536842334,94.595963261252,0.0,1257,1448,0.7391960885127501,1,0,1,0.7248858296068418,genuine
76.92012995747005,72.13001967191829,12.203352312423736,2305,1841,0.7033258477515263,1,0,1,0.576057038358551,suspicious
89.8788869829375,98.58954742954987,0.0,2349,447,0.9152851455922807,1,1,1,0.7091584133736789,genuine
89.87959675570312,70.29639667743652,31.90620346149361,678,685,0.9409831094028809,1,1,1,0.6407090192957953,genuine
99.33292923246424,94.9433690540183,7.483372648496934,1321,1254,0.8166346610045165,1,1,1,0.6019188006616363,genuine
69.13508881875003,68.031081008716,24.885814533196054,2961,540,0.671550207596794,0,0,0,0.5835864050243884,suspicious
78.2589369020629,67.7125730093704,17.745413081331993,2828,1231,0.7213512746273192,1,1,1,0.4603689682656183,genuine
54.54643913290773,91.90065200401693,0.0,1861,1532,0.557923770815779,0,0,1,0.6839738567566722,suspicious
77.07934734173017,93.49407017756172,6.816033703586958,1565,1062,0.6526701932409216,1,1,0,0.6999637426035553,genuine
62.05204278595616,91.0895976916567,11.587626818569452,2021,2169,0.6530921200854313,1,0,1,0.7088741139038177,suspicious
69.39086576176688,83.31353012921284,13.977671113359424,2325,1971,0.8289148357245217,1,1,1,0.7267666433619583,genuine
88.47140150784548,70.46923696729657,34.114972731141684,613,1898,0.7727609705807273,1,0,1,0.5594584381064208,suspicious
77.69194346531773,93.4406640779794,0.1422698788621073,1292,1682,0.6756207641501228,0,0,1,0.8594828485887911,suspicious
77.0871200640042,72.9301841278251,21.557951489555805,529,1509,0.6708104360436028,1,0,0,0.7088290720317738,suspicious
57.741358426309525,89.51216973133933,0.0,1766,1591,0.5078853319306832,1,1,1,0.7531495058254625,suspicious
94.87548611174253,89.70846112846125,9.195972798324686,815,599,0.8424426354189408,1,1,1,0.7995785156508445,genuine
81.33747723846754,81.78409944786762,23.947537907586362,2744,2088,0.7878264928830506,1,1,0,0.8972644761591635,genuine
78.91960680580705,95.60925010972984,0.0,1477,1804,0.6965925627453509,0,1,0,0.5952745219373695,genuine
88.26967010428787,94.86036554273855,9.749646636680504,2712,921,0.5504549667670725,0,1,0,0.8880192991215595,genuine
68.39598791396767,95.04797851758896,13.80129433636678,2862,1630,0.7043443535557417,1,1,1,0.9457653723330768,suspicious
62.32452343369072,95.91911960285236,0.0,1180,1144,0.6047829965026824,0,0,1,0.8193934603331744,suspicious
93.32886618829731,98.7886851958205,4.177063961680717,2320,2081,0.7935557564307267,1,1,0,1.0,genuine
85.9994522031821,76.43573186943505,28.730623311583983,620,1364,0.689341640725099,1,1,1,0.8243365135534975,suspicious
87.12180408046221,92.23239657425145,7.4390287052682105,2999,1677,0.8288928720143807,1,1,0,0.6974150843050241,genuine
93.25488571474855,90.25961943485372,12.812290406441148,2390,740,0.7991733327468843,0,1,1,0.6908238437635698,genuine
99.09758739784442,94.83462919281936,0.0,2200,586,0.9556565416616699,1,1,1,0.8223499049701107,genuine
95.90304431095946,84.67212172746017,15.675864391811608,1951,2021,0.9112462257085234,1,1,1,0.6024832592095266,genuine
94.16928341573235,81.69544813231252,17.34907808440326,749,1497,0.7946884021430957,1,1,0,0.9789100857310655,genuine
98.08063384056385,78.1494952684404,7.104394086944152,1154,1596,0.7912285801339844,1,1,0,0.7198562020655146,genuine
90.14089408001259,73.34886894096283,13.238047716486358,2236,1127,0.7795046643020804,0,0,0,0.5923755208497307,suspicious
92.14323268530397,75.31096087758077,22.744791957201596,1033,1536,0.7755769601042521,1,1,0,0.43326351195425794,suspicious
88.97894563719521,91.80866006788601,4.024521618866678,2103,1158,0.6676837015016737,0,1,0,0.7646995233173705,suspicious
92.81257933252112,88.61727948196759,16.32060911130945,2579,1546,0.9779532645310332,1,1,1,0.5666602942744677,genuine
88.76647547333731,82.5391163797534,15.270751228723093,2716,1539,0.8404767413189244,1,1,1,0.7515030149649746,genuine
71.23310496411969,87.95256104091423,9.43076818511024,664,798,0.64581778154683,0,0,0,0.4033569263600082,suspicious
75.93992369813127,82.44349948465177,11.974232153950098,1861,2020,0.5464075957996724,1,1,0,0.8255949680891064,suspicious
77.43014345997771,96.97370421969212,4.318496758772506,826,2102,0.7312956440735777,1,1,1,0.7248922354873194,genuine
73.2320825600631,78.5592274010111,21.701106056854744,1114,1768,0.6253684595401092,0,0,1,0.42546730301839264,suspicious
90.06775605483016,60.95511642207731,33.020617534588816,2701,436,0.7329823491654414,1,1,0,0.48567409062521766,suspicious
91.03906739750185,90.7145843878955,4.0030010862155,2332,440,0.6454307603111262,1,1,1,0.72773542909814,genuine
76.69859132200692,62.4310373104971,36.852781384909065,2189,1848,0.6168387055183235,1,1,0,0.491730172000609,suspicious
80.18605489573721,78.86901859390736,20.45209573080278,2384,664,0.68547615111178,1,0,1,0.7965193622744893,suspicious
97.43998356397643,80.34584542630407,17.437253171753294,796,2160,0.8188424846585002,1,0,0,0.6884722503150045,suspicious
72.30083808598408,68.68228958222477,24.13016305521773,1786,1054,0.622764557028475,1,1,1,0.6449889344026674,suspicious
87.45660452388604,81.72577116962529,17.2060185731503,1074,717,0.7769624239591412,0,1,1,0.6239591004859328,genuine
72.58734525886788,78.7721925883816,3.099102980638202,737,1633,0.7904424159319199,1,1,1,0.6814174190627914,genuine
79.02745758795166,72.24630289551979,22.504437749028806,2788,1634,0.6530930965807228,0,1,0,0.42095186692006936,suspicious
79.20543428657713,91.2836464551117,18.018545665628626,1534,1542,0.6701518025313365,1,1,0,0.7612415118338842,genuine
89.94276224021965,74.76146551972792,20.468807667135323,1006,1783,0.6333451766548552,1,0,0,0.5071066724784142,suspicious
78.8765627581219,78.06835438911179,17.033075439114963,2600,1307,0.6669796513272095,0,1,1,0.7829032224311981,suspicious
77.56487271181597,59.85315919540609,25.938940465138593,2266,967,0.5417044966980241,0,1,1,0.48788589422763556,suspicious
92.98810395755864,54.07652122421694,37.89170004335603,1259,1174,0.8164216823533398,0,1,1,0.5121563729539956,suspicious
85.51056985391091,94.86806767374047,2.4834283933276056,2544,1534,0.7853004067839898,1,1,0,0.7904232507154825,genuine
80.43904915740846,91.88049843821796,15.254724648070658,2329,1822,0.8277122644192217,1,1,1,0.9518001637016003,genuine
86.75762898593617,90.62152664205479,0.9885171790264788,1168,1177,0.9077341695297296,1,1,1,0.5377287054955215,genuine
91.99615995422285,71.30419414208676,18.355719853565695,1134,572,0.7070308956730659,1,1,1,0.5567779320604943,genuine
80.23811008682506,82.77577051431722,8.71202571592281,929,1123,0.7006983610384111,0,0,0,0.5469957135060401,suspicious
88.17472812129688,79.44422063592987,28.25888814403255,1322,1471,0.8782812285012258,1,1,1,0.38959781323701737,suspicious
95.50841567387515,78.84415791047697,14.538521935855453,1218,1793,0.8330525030065489,1,1,1,0.5077497569600775,genuine
84.74443369726895,73.50584641043739,16.034072952072066,1342,1856,0.7763242300181732,1,1,0,0.7286910497881086,suspicious
92.02727906058077,95.56576918188439,0.0,1000,1822,0.9197299425660661,1,1,0,0.7609051148879703,genuine
88.79858303540877,91.76250000624384,0.0,838,890,0.8783182120388896,1,1,1,0.7077274660861629,genuine
98.25900618868444,83.50721390451059,16.064784175365286,2276,441,0.8802803392510085,1,1,1,0.7608778504665934,genuine
75.14574539707351,80.54732502818769,18.2566364199986,1378,764,0.8015245764656866,0,1,1,0.6582304924549972,suspicious
90.34199665456414,89.52290493016102,3.299398675204305,753,615,0.8055698958930202,1,1,0,0.7897832202011147,genuine
95.88640558864013,64.02288813807293,22.8132425990137,2309,1612,0.8248720085319713,0,0,1,0.5509243971023726,suspicious
83.36715541461967,86.13330568781113,23.4191182105943,1073,887,0.7430790940664093,0,0,1,0.7541906950225287,suspicious
86.67582900740175,96.61960973427807,21.409951037177457,1503,716,0.8865860464097346,0,1,1,0.7189944032206097,genuine
94.0377168644386,79.2442136808991,23.61524787015521,2605,1371,0.7532945227874415,0,0,1,0.7596041984944266,suspicious
83.07435408594024,65.25049324293234,36.977089278863595,1249,1279,0.5684810276195764,1,0,1,0.37654808976702314,suspicious
77.8621285329211,77.72984484407957,29.10259320877183,959,1667,0.7528224305677981,1,0,0,0.6115211888571875,suspicious
85.97220940183567,88.34330801682722,24.2445198367126,2252,2062,0.6980665485515428,0,0,1,0.8383770429405585,suspicious
87.76919562270248,81.25258052262149,11.947069585182419,699,551,0.6840918099754764,0,0,1,0.6315329449913286,suspicious
78.4656182681357,91.05535420104371,0.5606086100371925,1789,509,0.8388592990039238,1,1,1,0.676740407888309,genuine
77.64490856198753,64.62043850357917,39.36909960428329,2548,1871,0.7435453660071609,1,1,1,0.7915764080402954,suspicious
93.28455709574006,84.21139030207598,5.091399147851451,1590,2037,0.7894780384098766,1,0,1,0.8439221384102377,genuine
95.04333741576632,88.45365212646735,1.4595882456008598,894,1004,0.5952787733361866,1,0,1,0.7246251658584746,genuine
91.50304779037602,75.54026102219754,11.30536144352147,2491,742,0.8262796743322277,1,1,1,0.48786477098626213,genuine
72.09678534662913,86.61384373600157,9.119842833641979,2321,938,0.7381641038981752,1,1,1,0.4487005574207378,suspicious
94.74030705297841,89.29802573096529,0.0,1455,1268,0.8804019669608638,1,1,1,0.799423607818127,genuine
87.89259113614995,72.92266110991395,10.276238202644969,878,421,0.7912767744315364,1,1,1,0.7352855146462565,genuine
90.84962056689815,89.60715819552168,3.4382597965253563,1861,638,0.8000292954019643,1,1,0,0.7643497469750445,genuine
80.65494835131116,87.57030339134717,0.9507952597141536,2447,462,0.7103453912604833,1,1,0,0.4952784042768915,suspicious
91.30087410464658,79.93925283806715,22.482443069621784,579,1678,0.7048108642063317,1,0,1,0.6587523229352843,suspicious
83.86491573817071,98.23396726035638,1.371061965356265,1721,1201,0.7349151363940569,1,1,1,0.7274496533596669,genuine
82.63121102727244,83.86542581300282,16.140084086800684,1348,2196,0.772485209005125,1,1,1,0.6903221860392649,genuine
57.82999135025258,81.47591273115412,17.165776706691958,1403,1200,0.6066188816761281,0,1,1,0.8850186195041021,suspicious
85.02431025164513,76.31374357961994,16.317280686920352,1092,944,0.806628339511702,1,0,0,0.7052381399625351,suspicious
91.66415024880065,70.03312768854016,29.392074910181563,2127,951,0.6583852954089451,0,1,1,0.629393977427247,suspicious
92.5927279059466,90.45790307756421,10.321607888107412,2715,2065,0.6952594375068242,1,1,1,0.7182218910448942,genuine
76.3656766793058,92.85821276429891,3.1275385149207775,735,738,0.698146021333052,0,0,1,0.792602652615336,suspicious
90.31931428626395,83.23861501215937,0.78366971308259,552,1714,0.7135762687554867,1,0,0,0.5791467323199354,suspicious
87.11487139489934,69.94629996589802,26.18488377238904,1483,1984,0.7559914105006197,1,1,1,0.6261626994553919,suspicious
82.66448299523807,92.83814684523361,0.0,2250,2138,0.6646243771789395,0,1,0,0.7195009576045116,suspicious
89.2465834079683,82.88062678341106,15.501511791577677,693,552,0.8817229305175268,0,0,1,0.5643743364013137,suspicious
80.88403794098349,93.75371759623741,5.236931713532224,2391,1609,0.6943657119318191,1,1,1,0.8478299514176133,genuine
97.60094222459469,98.13509851147815,0.0,2308,1860,1.0,1,1,1,0.5172942903876414,genuine
84.49748483055107,93.89745538912189,6.385687745402306,1331,1628,0.8259214379123359,1,0,1,0.6858247296085253,genuine
88.07109264209328,85.93869719167418,11.885213164757689,1326,1914,0.702890281151925,1,0,1,0.7611080245870586,genuine
92.11103950089489,88.70979759271594,9.832284315228684,1143,2099,0.9880758519659123,1,1,1,0.8566285417673047,genuine
91.00581437044441,91.75495046528738,7.212765572055356,2276,1986,0.8421613547405082,1,0,1,0.7906439632861533,genuine
66.8937460540845,95.53668019019165,0.0,912,1710,0.6869406023205289,0,1,0,0.6836430135920128,suspicious
95.48731995315272,78.34876121593783,20.379693026749127,1334,749,0.8113225185454903,1,0,1,0.6206782045973348,suspicious
84.52072589673996,87.99425159821683,4.190720741330742,1193,1926,0.8066946130793076,1,1,1,0.7389069579483043,genuine
64.8417173905093,74.14818116436872,11.866727728665644,1436,1633,0.6488752648670428,0,1,0,0.7804495774141159,suspicious
89.519439011294,89.34716662010938,12.712060965238003,2785,912,0.7360463539744765,0,0,0,0.8252490922060444,suspicious
94.72027042958184,97.91841689307681,8.116201536428044,562,1564,0.8433936839825512,1,1,1,0.8946988771109632,genuine
84.12397546927426,99.16853401887339,4.866986185479316,608,704,0.8039832522175043,1,1,1,0.8011985863362634,genuine
86.16390223531049,80.27796044043512,13.341165639436575,1524,1901,0.807379502802923,1,1,1,0.5137053257334893,genuine
85.72582374577765,89.9248309742896,0.0,1642,1552,0.8300050739483966,1,1,1,0.5506736874830352,genuine
60.3643157411701,78.85218688878737,26.232691029618305,2988,1559,0.6026618630734912,1,1,1,0.5946655824363626,suspicious
75.54704385007352,71.54909340029594,7.652497864257599,1161,854,0.6259026820764183,1,1,1,0.656324427068545,suspicious
82.77880814034272,82.69895753032418,17.07821160618904,1900,672,0.696682293899139,1,1,1,0.6013653312500653,genuine
75.41285077184337,86.64313213611516,24.789308855887498,2240,1174,0.6114722881166361,1,0,0,0.7618060154590482,suspicious
97.53080668478607,73.00481515594615,21.292653768642122,2245,1030,0.8638703744914097,1,1,0,0.4886762700485681,genuine
93.4884638956825,87.28193467285821,11.577180307545596,1335,1940,0.776601684474964,0,1,1,0.6214049709361421,suspicious
86.06749081321382,94.0077776108796,7.149413439134804,2627,2172,0.7791177745103748,0,1,1,0.9210234095049022,genuine
89.19610480533277,83.4936801679156,13.766911251683196,1365,1536,0.8075283942126507,1,1,1,0.759974107629549,suspicious
95.12578826576498,68.51869655324535,40.065271972649555,1582,1836,0.789929098568801,1,1,0,0.5113709257962926,suspicious
87.62446770803314,87.00641473987501,3.8430349759936595,645,2099,0.7866261716136013,1,1,1,0.5963851874367933,genuine
88.80655527848585,91.51866115580103,0.0,2992,1723,0.7336423086546788,1,1,0,0.8460190789498491,genuine
89.36920190515787,79.54872471403442,13.045948996690862,2777,1038,0.8012806288395797,0,0,0,0.7415650254311955,suspicious
89.73365625086346,81.98514645180782,25.696961309214693,1114,818,0.7632053391658995,1,1,1,0.7325848488839328,genuine
90.18357658499193,91.4032964398006,2.409391407299582,1804,905,0.8077894531054016,1,1,0,0.7098869556124665,genuine
71.90339414324433,71.13520754688707,24.66068210237027,2592,966,0.7378475600835854,1,1,1,0.4377307164399304,suspicious
79.50102293447671,64.06812921651985,34.44596287635065,672,784,0.7173524276300496,0,0,1,0.5107647206380233,suspicious
90.92800931931232,88.03850047489274,14.424009983306227,2185,1616,0.7654638633272663,0,1,0,0.873219988465455,suspicious
89.00139822085698,81.99466239890363,20.6305200917635,2380,2158,0.7715826303856453,0,1,1,0.5468726342031603,genuine
74.78312649154829,94.03619023235024,14.398761910446199,2105,865,0.8491357501370199,1,1,1,0.7579839331243149,suspicious
86.48359993788036,88.10833639881506,11.076369668732196,2450,1173,0.7578236444363314,1,1,1,0.9011617407248379,genuine
81.7628474012768,86.44064405192732,6.970174672802358,1060,2095,0.750750617692251,1,1,1,0.6550172021618276,genuine
72.73959150406961,72.052567072302,21.99110692969696,1653,2057,0.7060704079498044,0,1,1,0.5611226912686555,suspicious
95.20374068097433,69.4650474048195,20.52784021847934,2085,446,0.809702251970656,1,0,1,0.3936720785050605,suspicious
83.04661447198404,94.26961214715777,21.94865476159513,2948,1021,0.74565157494403,1,1,1,0.8289409736231708,genuine
75.29292480648388,94.01009716946403,0.7638305522429945,647,1028,0.6649556091851554,0,0,1,0.66320902225549,suspicious
95.06970342921271,94.10458109399565,7.803551210860746,1065,918,0.8524066096862144,1,0,1,0.5662842316688673,genuine
71.99562629421081,94.23946093656424,0.0,1316,2096,0.7562117708028911,1,0,1,0.6394886542333263,suspicious
88.84542681023957,92.79856398184114,6.33080576546903,2611,1788,0.9151637007525031,1,1,1,0.7674020555273493,genuine
90.04333846029878,80.93642407947414,12.287954952375458,2411,516,0.6703944332310242,0,0,0,0.4578787812300725,suspicious
74.02123499245167,92.07080667987069,10.67669269100799,2616,1513,0.8523377903503384,1,1,1,0.570268613225362,genuine
97.96231371641368,84.55597700891482,16.49528849086652,2113,1438,0.8250722574610599,0,1,1,0.7435619143835526,genuine
86.77928636982304,82.89740648465784,22.7459344425599,1803,1344,0.8452950110759434,1,1,1,0.6544931292703402,genuine
97.11763943210597,77.1621816198664,26.491349124138452,1501,1700,0.7651672881816484,1,1,1,0.5076187276243547,genuine
78.95097292248818,87.58074712244151,8.850305156638653,1850,1192,0.603266037816241,1,0,1,0.662093901311008,genuine
79.15384379934582,90.50158742345293,0.5131064348935981,755,1681,0.635718259647617,0,0,1,0.9325931690044487,suspicious
87.49386323395476,92.83791796638693,0.0,780,1240,0.7743283659602681,1,1,1,0.8965111516833151,genuine
89.09275091928822,91.71199983780768,8.335165953798102,676,2102,0.8503103327755885,1,1,1,0.7208039771516012,genuine
92.28903046989059,92.69324397142975,6.584569815137359,833,1902,0.8341072045410165,1,1,1,0.8394878249818415,genuine
78.37911264745533,88.85367266059814,10.165231640020396,1325,495,0.7115796434072639,0,0,1,0.7253497518998654,suspicious
96.73911570943515,98.13477954277033,0.0,1557,675,0.9635830664507786,1,1,1,0.5721749235205827,genuine
82.78310500796863,91.50163248466156,16.43443765568802,2973,1119,0.7670031294483425,1,1,0,0.4976343383738306,suspicious
80.60073970297836,95.00340353923343,0.0,2796,491,0.7837960905409553,1,1,1,0.6509072942642622,genuine
99.29462675835957,73.6168598323686,15.654098854166143,2427,524,1.0,1,1,1,0.39984449738873085,genuine
78.41686252770174,69.56422128362553,15.287084276864785,1036,410,0.6829770791058417,1,0,0,0.5891017901307158,suspicious
87.3232287807225,95.09023464711642,2.219511686926139,1820,2020,0.7496589646631888,1,0,0,0.6947291330605896,suspicious
72.70218683964484,95.09051385047006,12.408079477933157,1687,1291,0.7487672804785468,1,0,1,0.8117635962037161,suspicious
89.37266509901082,77.46230305348439,14.888995387842183,2064,1807,0.8333051967681009,0,1,1,0.6725819457889367,suspicious
80.03895565472769,90.64073239774834,7.729792052106224,660,1873,0.7709337194125726,1,1,1,0.8079291541003648,genuine
48.11952254385685,58.371374124185394,35.87116940183761,654,698,0.4712583288270843,0,1,0,0.35529648105554124,suspicious
67.77735531739549,68.38884505831123,21.36115170004658,1248,1608,0.7301033992214797,1,1,0,0.6089913654790801,suspicious
82.14493804528269,69.00698225914886,25.923156955467068,702,1514,0.81503932992426,1,1,1,0.4374003729216701,genuine
76.60204318366242,95.49581737230045,5.133427233598933,1430,2183,0.7272847319555993,0,1,0,0.8493273307616657,genuine
90.8965765920019,84.45532783962436,3.742838922519293,1472,1972,0.7504865024958844,0,1,1,0.8223611218769576,genuine
65.02325786178423,95.37712572493588,0.21694794443729615,2908,1498,0.6954302178656362,1,0,0,0.8497954346542527,suspicious
95.33986552507949,77.28280345129446,19.51999670306636,2189,1618,0.7609774659027102,0,1,1,0.5970131224557698,suspicious
86.6970693334143,91.05672207952264,15.682802619959014,982,1316,0.861985689314775,1,1,1,0.7964659670629376,genuine
74.00850948303473,91.92827053728351,15.022619142844615,1970,1452,0.744800490081087,0,1,1,0.5514337718894597,suspicious
89.59145154774036,84.73095664624994,26.120191728345844,751,1447,1.0,1,1,1,0.4668029774333212,genuine
92.35528228615922,86.11940265752936,13.8086480985342,2934,1992,0.9334715931481948,1,1,1,0.7449707511827249,genuine
83.75841572999147,92.35688465214591,2.8391346280999588,634,1988,0.6890226740374393,0,1,1,0.895783210118907,genuine
94.99250041500149,87.5582479895541,8.883647684686148,1063,798,0.7948437781426443,1,1,0,0.5526921386238501,genuine
78.01736211451517,96.34496215504187,1.9449246556399986,1805,426,0.5948592323796471,1,0,1,0.7725818498285487,suspicious
77.46178163027653,90.38405235676403,4.356799239776063,2216,869,0.5584419669569155,0,1,1,0.775736045055691,suspicious
96.00709614968775,95.08252257110249,6.368795475908253,1799,1240,0.8708585807859072,1,0,1,0.6869139593336088,genuine
94.14514891203899,76.7181931629723,20.467774604069803,2845,796,0.7083482543323505,1,0,1,0.573019617400786,suspicious
97.14164228904677,62.54908550656306,19.87188339148024,989,1140,0.9190882471755479,1,1,1,0.5739818782339285,suspicious
72.16698549400678,85.94500272108289,18.15843829361022,2999,1181,0.7765811490219207,1,1,1,0.700542392587588,genuine
91.02718607524436,85.2511260388838,0.0,1119,2116,0.7830849699010468,1,1,1,0.6955158750299281,genuine
90.82088014077854,86.60895201825498,8.485912315842814,2329,1191,0.7805931057333072,0,1,1,0.5749958076323484,genuine
76.92015430665032,85.78041931740368,18.70989242334059,1297,737,0.833261887829724,0,1,1,0.6825054325002077,suspicious
81.86469051178969,89.79193162422038,11.907791269422967,2208,1136,0.8937689007729139,1,1,1,0.6705858538397168,genuine
74.95948313586223,93.20842102371573,2.594867450373815,523,446,0.6456498603055509,0,0,1,0.7043415390470783,suspicious
84.93702935401244,98.99527128639987,14.535311129356977,2300,453,0.7146842178567864,1,1,1,0.7269936816109603,genuine
88.37770199708372,81.31809448012181,10.930914623765396,2543,1537,0.7536630074165682,1,0,1,0.6472711342672036,suspicious
86.48959902162117,87.47318478127282,0.0,1351,853,0.8153606920235497,1,1,1,0.5955921439537661,genuine
87.07917687999523,85.386308670134,14.129446315810544,2432,1525,0.7383866888884308,1,1,0,0.6845412426522649,suspicious
74.68328233579479,77.71032077150741,4.2676645332656715,1832,466,0.7158942702443938,1,0,1,0.5778787767382283,suspicious
81.86897550003778,88.16497093084676,3.056132102774633,1300,975,0.9085846591796309,1,1,1,0.593468522194882,genuine
85.11741002464532,48.52779889259776,42.96340268598982,1957,1432,0.5621001666185501,1,0,0,0.15439145861106482,suspicious
82.31232894237309,95.76052252307103,0.0,1936,1372,0.7387773740280975,1,1,0,0.8797800939293976,genuine
86.37951407812744,75.02300309917439,22.79701422988984,1355,1468,0.6380649960161968,0,1,1,0.6897411992761535,suspicious
93.4550141075224,87.62862299004914,1.1718374338854325,1320,1474,0.7596023642197345,1,1,0,0.6044464906355099,genuine
79.349689776237,79.30662978770926,21.52938782905255,1616,979,0.6904654386442173,1,1,1,0.7162532051112279,genuine
96.08969695413253,82.51156812323516,1.2796984687411381,567,1035,0.7726850573290799,0,1,1,0.5371180690279247,genuine
95.80535850218617,85.26170331806902,20.28414376715786,1938,1134,0.8774872938672229,1,1,1,0.6452381339764262,genuine
75.31892517737049,81.0997607185542,10.847685802222854,1975,1157,0.7043989180992077,0,1,1,0.5851645118154054,suspicious
69.97879638785716,66.20171576615513,36.06682282986095,1847,1816,0.6442879923870007,0,1,0,0.496302816478864,suspicious
90.07396419922615,76.58972787264146,11.674118072751696,2304,655,0.7524192646059611,0,1,1,0.6902594163519157,genuine
87.03545538119421,93.4257537009813,18.404041696293078,1735,1410,0.7821262052534906,1,1,1,0.699181137543821,suspicious
91.77888683442382,87.56143776701973,2.6252938765449736,1334,1788,0.7874111150332962,1,1,1,0.6597347671023129,genuine
89.12644476313191,81.42073674066337,1.3768066844696616,2510,1014,0.7629811144156194,1,1,1,0.7405531598041254,genuine
92.57726437167204,93.32856076410042,5.305302359759393,1103,1100,0.8685943652226853,1,0,1,0.7540334433173419,genuine
83.99108092304581,93.5908586569488,13.444779280960528,523,1620,0.6260399177974845,1,0,1,0.6777123099204989,suspicious
89.64640101617795,87.16515548516473,15.161652974526625,1160,1562,0.8236498014405867,1,0,0,0.726198252038007,suspicious
76.82609342560394,77.8444867527912,24.757433819553512,2291,1397,0.6244823790619497,1,0,1,0.7418753338565744,suspicious
83.05752427421281,93.93340023350032,10.22359121004569,1373,1168,0.7475987971582283,0,1,1,0.8781771854763996,suspicious
84.1502059779724,78.82360414248174,10.140421670449014,918,483,0.619112717332745,1,1,1,0.4716334154734494,suspicious
88.65746846331356,63.664665801334614,32.616418914595954,1669,692,0.7067414731319466,0,0,1,0.3563720417016396,suspicious
67.12886287312426,85.34561316927926,11.640627789507842,978,1277,0.6719323642479756,0,0,1,0.8026550097252793,suspicious
68.48137946755372,88.55857269902495,3.612951234286837,2388,1661,0.7030921468441224,0,1,1,0.6739662477057994,suspicious
83.41846667606185,95.87155029437258,4.351815891295341,758,764,0.6869923877254684,1,1,1,0.5029716896147923,genuine
82.93240769962765,76.63821636368019,17.127057105430964,997,1151,0.763363280392043,0,1,1,0.5255175314479634,suspicious
82.65079851500333,78.51421830118613,26.026283881342508,2455,844,0.8246978248175726,1,1,0,0.5754287107499502,suspicious
84.71354853801938,94.9033861068319,0.21831867060872368,2266,733,0.7484013275999815,0,1,1,0.72171875878339,genuine
76.32218071944054,69.89586076227934,18.64678105048377,1112,2020,0.6709068757865754,1,1,1,0.6509582981197316,suspicious
85.50385767474818,84.51677547286033,6.721947912688391,2912,2081,0.601583288273958,1,1,1,0.5646340652125521,genuine
93.30315475089252,87.35557667318827,22.76125678260633,660,2173,0.7530967231125308,1,0,0,0.8111084998772358,genuine
88.00084046686959,93.7748712454578,0.17004159557959753,950,2008,0.8280842585241479,1,0,1,0.7844148669235941,genuine
73.04554469437248,84.68548354653221,20.56375496721588,1069,1127,0.762947141716226,0,0,1,0.5230989800089314,suspicious
96.64075239353177,78.65093765302035,8.792084259104234,1769,1709,0.7768500114284306,1,1,1,0.5908706587708746,genuine
96.31501076579087,92.26720228945508,9.34596503826246,1777,910,1.0,1,1,1,0.7974976684229473,genuine
94.22139154344846,97.37447475910383,3.806709721085403,1403,1437,0.8809864031462946,1,1,1,0.783743260629166,genuine
92.73862571494122,81.4901872215724,22.515938791607955,1085,854,0.7046579851407159,0,1,1,0.6973982937952481,suspicious
90.87761288468809,98.78576317933351,8.529329387633119,2001,1525,0.9406435085983292,1,0,1,0.7197961775723161,genuine
71.34083433429358,77.22190353326707,17.65680265625243,1506,1160,0.5565347315276166,0,1,1,0.6843473975133343,suspicious
91.86516297503624,53.90403056048808,30.812445573603696,2702,1048,0.7581577977707853,0,1,1,0.3834168099784421,suspicious
91.25361910732653,96.91547564166895,13.688124742461747,689,555,0.7610979282862043,1,1,1,1.0,genuine
93.50420401844926,83.66008447369009,7.796304483041308,2716,873,0.7083327813555297,1,1,0,0.5109464405313404,genuine
76.46815927558156,80.06140881298262,0.0,2547,1193,0.7741687324872348,1,1,0,0.9642453808374167,suspicious
88.67387400120342,95.2868438477894,0.0,1608,1466,0.7938151335516109,0,1,1,0.648156961540892,genuine
82.46726890607586,61.40389335802857,17.641650537683603,2249,1905,0.8276007456493849,1,1,1,0.6437781013307338,suspicious
95.0920794936196,77.80075945818085,20.819299222763977,2394,1732,0.7311657283129838,0,1,1,0.7216989625120281,suspicious
59.235181980694946,88.45826724968889,24.15757277424499,2712,1382,0.48140309486747934,0,0,1,0.5985183159570434,suspicious
84.54316492461109,89.50080933783363,0.0,1778,1291,0.7349093566148955,1,1,0,0.7879430511071122,genuine
95.58872614611948,79.38440238776954,9.983814027020959,703,1243,1.0,1,1,1,0.5755780502905392,genuine
78.60199690099634,90.228472898874,7.951825889361957,2430,2012,0.8031974106930257,1,1,0,0.7548097327303511,suspicious
95.948386253321,97.66591038957999,12.569115967508875,885,1908,0.912140727719462,1,1,1,0.7990713582884306,genuine
86.86377619373177,82.9430163624455,7.277175094099981,2711,1099,0.8189272229778431,0,1,1,0.6216269479912566,suspicious
86.5868728389572,96.72241298242047,6.593789020570155,2551,1416,0.765833230576334,1,1,1,0.7218877063921042,genuine
92.97959443985926,91.63766796593154,4.521124286657753,2280,1078,1.0,1,1,1,0.7740060295945489,genuine
61.184313720351994,79.12874831780786,33.90357019205095,1371,1420,0.6321667438903954,1,0,1,0.5245713168000933,suspicious
87.59864044490627,93.72922780071396,5.71486116289748,651,1166,0.8328595350804996,0,0,1,0.645902427044756,genuine
85.15180039994385,85.89144025694631,13.071241219307558,1576,1930,0.8470043392030812,1,1,1,0.8017286603343659,suspicious
93.48964555620728,78.71115339974322,16.556433665045233,1113,1668,0.7026011217229418,1,1,1,0.6810955722986437,genuine
78.06892066617573,86.40738208767301,7.291657460389897,2932,714,0.6531186860166691,1,0,1,0.5344589931020298,suspicious
77.21399504183353,70.30196474422773,28.92261930414361,2465,449,0.6580047684197452,0,1,0,0.4420221389941257,suspicious
80.55848885096138,71.48363736665965,13.27407910217974,967,2129,0.7816455284225751,1,1,1,0.31548779709098956,suspicious
77.23640657921334,57.62283131792218,17.769139708681834,549,1037,0.5422494800406392,0,1,1,0.5701454288984257,suspicious
82.51424939079162,83.10448896550582,11.620270904205944,2800,672,0.7387154899309638,0,1,1,0.7474650387509923,genuine
84.03240164083073,85.98109079646346,16.22312794728977,1795,1737,0.7444553760272703,1,1,1,0.5571978757322866,genuine
85.60729829210669,70.52814818453797,18.038450595198483,2313,1253,0.6068169447499834,1,0,0,0.642183296740493,suspicious
81.56419036014441,77.99847212889046,17.806579713594314,2026,1399,0.6844488865426137,1,1,1,0.8622479225732277,genuine
76.83381970239662,89.78684389008868,0.0,1280,1546,0.7672671072446424,1,1,0,0.5335741133475951,suspicious
78.04108034444593,98.07250139996025,8.884267122088906,2550,958,0.6337867040834805,1,0,1,0.7107679194449835,suspicious
73.93622719811317,80.22441614098173,19.395055322494365,1049,1422,0.7940532846369067,1,1,0,0.45445235390136907,suspicious
76.23082541456934,93.21764395482364,5.224865267709741,2517,1582,0.7659881059163579,1,1,1,0.8595664180399264,genuine
86.30919929387115,70.71508411997777,23.14479542525765,2922,1505,0.7654780378166195,1,0,0,0.5541937552167158,suspicious
84.88791144867028,80.82146035722343,4.628877889017067,683,2022,0.7544801215454213,1,1,1,0.5987990938429513,genuine
86.61978737295418,96.04789418618995,0.0,2458,1104,0.7157625955437914,1,0,1,0.7956733201321208,genuine
97.24443624130699,87.46091847472904,8.550371177539867,2199,1309,0.7987653837252633,1,1,1,0.6328552786278806,genuine
82.02053374311666,73.94826877282614,23.134942095458374,2417,1751,0.7469525183028933,1,1,1,0.543390274981998,suspicious
82.95332118609682,64.64586506199998,30.466251900088906,2476,1731,0.6486788340063829,1,0,0,0.5501384163674344,suspicious
76.31320215561789,70.03381874707857,19.93410582089319,2840,2194,0.6862202867519689,0,1,1,0.4870612110247219,suspicious
99.35547045468282,44.47472988778571,46.86160107820071,763,757,0.6850868771353146,1,0,0,0.2995195784484339,suspicious
95.69214086870277,88.17041709794259,18.81772786843807,1252,2057,0.8785393514317169,1,1,1,0.68658092489746,genuine
83.44296268295315,75.53052553025162,17.731433935661663,1714,1251,0.7732920191044969,1,1,1,0.6152050283725382,suspicious
87.3620386993675,91.07240842151501,8.863341030146186,2719,787,0.665319180127703,1,0,0,0.800776588815571,suspicious
89.01729182595413,99.09673857498335,0.0,2124,924,0.831738926226239,1,0,1,0.8627612503839693,genuine
77.6092373402727,90.03037654524827,6.593073428284216,2017,1033,0.6078025498436657,1,0,0,0.5402923276915088,suspicious
94.48677235728726,88.64422599219506,9.703780766561998,1356,2188,0.6868913071383186,0,1,0,0.8781079652842528,genuine
68.28445991880646,91.66935680653994,18.170832418472102,809,597,0.625511001447602,1,1,1,0.7404488806282065,genuine
85.61477537056953,91.83328317690442,12.531972258040538,1426,793,1.0,1,1,1,0.6948669553290291,genuine
89.41609160421257,92.61494112901711,11.315085189572429,1693,1687,0.8747729844919175,1,1,1,0.6324946447996046,genuine
75.24555703351612,85.16198785716259,7.9523090433705725,757,2106,0.8133694138533215,1,0,1,0.9199959553216479,suspicious
76.65012243096399,72.75724056994042,14.144843531002723,901,542,0.7287922203080125,1,0,0,0.865241506440068,suspicious
95.17650627742368,85.32735666110428,13.731230590864094,2436,1136,0.8484011532002407,1,1,0,0.9065605334591395,genuine
91.039323224509,84.43044875062212,20.383380634856778,1113,1136,0.8744630521746113,0,1,1,0.6900134730676942,genuine
96.9474005916411,85.35169325081822,23.050060851616045,1093,1297,0.7923716274797115,1,0,1,0.7241061763176201,genuine
69.92414325632504,86.87572361629763,0.0,756,1775,0.7093374095453188,1,1,1,0.8739301415735334,genuine
78.63515592252001,87.03252768730462,26.85032228267545,1587,1343,0.8228776577086284,1,1,1,0.6673701173699199,suspicious
86.20904589158039,91.09032413620653,9.6011655355789,610,649,0.8440383463965709,1,1,1,0.7936789023831006,genuine
86.63247517320741,94.90870895636908,10.180980831869736,1791,835,0.8998052582197044,1,1,0,0.7865359793807721,genuine
93.4292132725257,94.89657597252038,0.0,681,1730,0.8591393389730111,1,0,1,0.98942474583703,genuine
86.29968761812313,95.46579003406768,1.7423166170966589,718,830,0.9349788967494123,0,1,1,0.9360856548943706,genuine
63.62440377555677,92.81037812296645,11.152151826055618,2940,1294,0.6289260295431518,1,1,1,0.7259264280646553,suspicious
75.12033931075084,79.38475606481133,7.23819864036226,1578,1077,0.8561594900826145,1,1,0,0.8180841208446185,suspicious
88.83408830265415,84.25635118495475,0.0,1231,1190,0.8339510457211712,1,1,0,0.6735896827702086,genuine
53.5347624559017,84.12326587897513,14.256088056891386,881,1742,0.5275684201946587,1,0,0,0.6074927898265541,suspicious
88.98540089849254,95.11181170606204,3.317662578313751,1623,838,0.7218542203749984,1,0,1,0.7266541052487533,genuine
83.72306173892093,91.24073034442051,16.65881185682249,1081,1662,0.7076624445183926,1,1,1,0.7476151960120393,genuine
72.57221169298664,96.95311832339013,1.1657319262650945,1058,1771,0.6373532385123634,0,0,1,0.6814189332988104,suspicious
79.16993360061562,91.35608837813444,5.875902164821701,1391,2196,0.735897252838843,1,1,1,0.6687344545513936,genuine
63.21843895103723,92.81803375899946,10.270217220208224,833,1213,0.5410482707221846,0,0,0,0.5693382635774682,suspicious
97.46537699160919,60.91513021819625,36.54829538552818,1724,559,0.889233451886464,0,1,0,0.38862313150191824,suspicious
92.87384172794381,95.4217044323872,0.0,1522,1601,0.8510920622649492,1,1,1,0.7915192633176176,genuine
82.1598365173769,87.22469920513606,16.1929669131871,1585,1767,0.7577126596844057,0,1,1,0.8228541851865171,suspicious
87.75908559035688,94.37472845213642,0.5668168723903735,2455,456,0.713139931134545,0,0,1,0.8646816740276625,suspicious
82.59001488315741,78.30309652815784,16.388328829967676,679,751,0.6710698217736701,1,1,0,0.6780055534993561,suspicious
83.06423832490844,63.803395135193064,31.842841848256704,1172,1018,0.5217966493435933,0,1,1,0.32691426202972595,suspicious
86.96037783802049,82.44329770192108,19.083481130705188,1376,1320,0.9007751114401328,1,0,1,0.5562260747081956,suspicious
86.83597044442543,80.77345164338179,16.648115612296728,1459,1327,0.6529501054964306,1,0,1,0.6224944833371886,suspicious
79.48102609638563,93.40425176654578,0.0,598,753,0.6427849995976032,0,0,0,0.8627739867874774,suspicious
92.25814268908404,84.53522221004322,0.0,1134,759,0.924069854369918,1,1,1,0.6094592648291552,genuine
83.19974783760125,79.71695566122258,13.896591336511895,1127,2085,0.7710959228030437,1,1,0,0.491364953470983,suspicious
91.68814180431407,65.39150708552323,32.755363696825924,2785,1694,0.7691106324386561,1,1,1,0.6969266381941727,suspicious
92.19914077771274,87.67673957467545,12.390327408777612,712,1313,0.8457077420231858,0,1,1,0.613221957251177,suspicious
96.81506186403767,76.87950154394271,19.03460489370323,1745,996,0.897808685836995,1,0,1,0.47969155148019216,genuine
81.05739255688937,86.62359479694955,9.983118007022458,918,1245,0.7514220639516461,1,1,0,0.7202689984671844,suspicious
79.12756244211249,82.58007320713929,15.228657998947334,2938,2139,0.5972965593701534,1,1,1,0.6546316287103824,suspicious
87.52231236483841,72.14360455345206,13.933658346233521,1756,953,0.8079092315451242,0,1,1,0.5171336855928461,suspicious
87.47144437196053,87.89471507807244,14.540376425602641,1313,995,0.8220886862443875,1,1,1,0.7032018681585359,genuine
95.02003146301445,98.012682635153,7.414633232590294,2819,1208,0.9563861788937794,1,1,1,0.6729886032816113,genuine
70.45726544376316,93.81418123605788,2.15250551455364,2112,739,0.5925797693965664,0,1,1,0.6891237524065357,suspicious
90.56337571302821,97.902120224732,4.632463246012463,987,599,0.7750698908896596,1,1,1,0.7788814254233478,genuine
81.74980067633633,93.90606639568671,0.0,2281,2007,0.7975059811625378,1,1,1,0.5069457902385404,genuine
62.3807421730098,97.62617516003928,3.04070404176987,2327,1632,0.5739793367013074,0,0,0,0.8956172659519916,suspicious
84.38615016908568,79.35014931291404,14.555511188722802,1770,1005,0.5586579491488809,0,1,0,0.47005269313671977,suspicious
85.50557012295586,84.4445006984478,20.48125482425752,609,1427,0.7826839038442822,1,1,1,0.5628932579588832,genuine
83.77742548975259,92.74363605780898,4.051773656347836,2348,1293,0.8480129664759329,0,1,1,0.8619675058578693,genuine
54.487296920640304,86.02867868330681,16.559142581186517,1339,579,0.5589245810171035,1,0,1,0.7565468093802372,suspicious
64.74192745609656,91.5575680241737,3.593616403592214,763,1759,0.6935672587054181,1,1,1,0.7429393183332292,genuine
90.91893641919012,88.93713963365184,0.0,1503,584,0.8455853369542962,1,0,1,0.5065142170936698,genuine
87.09532506620427,82.55391419678091,11.505810106742688,1736,1425,0.7733440270299624,1,1,0,0.5877496182055935,genuine
95.37930136765308,76.03933679825265,19.34779818710458,770,927,0.8209408534211434,1,1,1,0.582375872514705,genuine
79.00729292595595,88.02898069542368,10.03412700425179,1044,1186,0.8415509047169714,1,1,1,0.6870097378807432,suspicious
75.8723578013671,89.8189891250256,8.79741169314515,2092,1252,0.6405777524099597,1,0,0,0.8555221627528481,suspicious
91.82096200392988,94.61051139706464,0.49693703564254976,2176,1183,0.8952061165014852,0,1,1,0.996199294701851,genuine
82.22120526338323,85.58258531266166,8.546967985288582,864,801,0.6539240768015238,1,1,0,0.7584431079827625,suspicious
93.4762256069919,89.35111139825001,0.10225953924876041,1108,550,0.7673908279278545,1,1,0,0.6506819027210602,genuine
90.11347124934662,94.12472748865622,0.0,2502,636,0.9167227670205096,1,1,1,0.8987274186028662,genuine
72.08167817673764,61.47926721788218,28.14533656292912,723,1709,0.5254425645736992,0,1,0,0.42108578674413416,suspicious
73.78673269316889,94.29324745937285,0.0,1979,573,0.6960195813345061,1,0,1,0.43950267508243335,suspicious
90.69745085376144,92.84108292876893,12.928036856421063,1543,1311,1.0,1,1,1,0.592784665065311,genuine
62.59886425784992,77.2043501022609,1.822851618876303,2353,949,0.681947545756554,0,0,0,0.3330041211117627,suspicious
58.46041685250018,89.3640834814351,10.014068982933722,589,1653,0.5444291612098421,1,1,1,0.6688531179988396,suspicious
95.07287655178713,86.22306430801478,25.183112623106545,910,1533,0.7882653383544997,0,1,0,0.6683904648322395,suspicious
83.41088944456459,95.93595332391116,1.7681099864440868,2554,731,0.7684013744447639,1,1,0,0.5763670825994391,genuine
80.11716014096395,94.04116572823884,4.449889069046575,1293,1621,0.8608199937199941,0,1,1,0.6498355334618203,genuine
68.73033415211637,90.04975495325378,10.447111174860098,1443,1585,0.5917397879325004,1,1,1,0.5492352278258209,genuine
81.92000222578574,79.6876672415659,18.76588576926566,2264,909,0.6467256672220578,0,1,1,0.6222609788849865,suspicious
96.9047481457011,89.93428047373706,4.68973828877268,1675,1915,0.911784808681754,1,1,1,0.6170559667993875,genuine
78.41338736261956,70.90392555618602,14.763982362523372,1633,1193,0.5524558743652763,1,0,1,0.6884241490358419,suspicious
98.22170419114715,91.17516190731797,11.187674152365226,645,461,0.7934928097986653,0,1,1,0.7497634432127598,genuine
87.9139135681737,78.5608904242111,2.722902469922831,2081,1531,0.7610355457276077,1,1,1,0.8210616012445571,genuine
80.73905914466052,85.83852170898706,16.446706958612573,847,1211,0.7366945717544996,1,1,1,0.6321363714095012,suspicious
80.89294230381373,84.81183193884058,8.648536377392253,1534,1048,0.6286641130700568,1,1,1,0.9358186098663528,genuine
74.84361948678674,94.64446567240942,4.038246824302979,1375,1211,0.7513939227758558,1,1,1,0.7574581194492239,genuine
95.1838136142908,75.73749262289323,14.51762543409148,2181,2162,0.852339722284735,1,1,1,0.5424841527388549,genuine
83.628016080323,79.33131065272823,25.51769537510519,2192,1099,0.6889112350709036,1,1,1,0.9236987871816211,genuine
88.95521619570546,87.95917320859348,10.77369504552705,2104,1647,0.9309674232028853,1,1,1,0.4842526583127609,genuine
84.36652201467011,98.40730820666406,0.0,2041,1931,0.8215691490798344,1,1,1,0.7209370312829732,genuine
90.10463483917009,88.18473813730645,6.412126127527942,1249,1441,0.7257532539442011,0,1,1,0.5056720293669028,suspicious
87.60478362322677,88.78292650048132,7.375705181963912,1369,2003,0.9210508535048044,1,1,1,0.4896703672225382,genuine
76.40717553287728,86.45645763239635,26.93623801143919,2705,1296,0.670921834223332,1,1,1,0.4435953494921611,suspicious
80.46334133140145,90.21142934364971,0.0,2276,805,0.7628501691590424,1,1,1,0.7957022923980734,genuine
77.20366978342412,74.00623710766988,27.075497436007787,2331,1285,0.6478969485054771,1,0,1,0.4325636093682753,suspicious
86.11619644710565,62.212808314220176,32.317130773964564,2675,621,0.7652195456547565,1,1,1,0.467129391609799,suspicious
91.07252348818176,78.00481147123331,27.27507366345955,670,925,0.7484611683269478,1,1,0,0.7310684285871374,suspicious
66.99971364113662,82.87374374909753,17.24815975451751,504,770,0.6090139928766357,1,1,0,0.7185913697479545,suspicious
90.4871621855001,86.6681744834818,10.022410139956369,594,539,0.7920387790530223,1,1,1,0.7430157852690116,genuine
90.83014566263907,79.60894704327464,22.43348311788668,1750,676,0.7492622940145391,1,1,0,0.7825301393903892,suspicious
77.95804041216934,89.82667061862033,9.238378806479812,2291,1909,0.8170391063017561,1,1,0,0.9117449585211249,suspicious
74.38027046051099,91.90099607202465,11.358945160225687,2877,1945,0.6126007860834692,1,1,0,0.5849997429709635,suspicious
84.86623871919299,87.84791320741498,19.11160134117337,2080,2030,0.7682785205902315,1,1,1,0.7607676337644549,genuine
90.72532362475113,74.26357740104346,19.949956765974783,2335,444,0.782530752601973,1,1,1,0.5614426305819373,genuine
87.4785576249347,88.32531656907351,5.785317701633566,2812,2155,0.7794531734305805,1,1,1,0.6890015083169785,genuine
81.46205892434722,96.9935785627163,0.0,925,1017,0.8494512192870499,0,0,1,0.5945716189584652,genuine
79.3213054623361,88.75610410467033,11.586704774674612,2189,1127,0.6171629062332671,1,0,0,0.6462150325293523,suspicious
94.94308630509241,80.2248145516844,8.68421022361458,2164,724,0.8631254768467086,1,1,0,0.5910691031796733,genuine
81.80600447876613,96.32900600617846,0.30461074540153765,1020,2104,0.6729653642867367,0,1,1,0.9422625172608288,genuine
84.55567463547897,96.69893354285006,0.0,1669,2198,0.7506570974250655,0,1,0,0.6349550512637756,suspicious
93.94862304089985,82.28872246403583,16.841831980905177,605,1664,0.7085726442586205,1,1,0,0.3720551864730297,suspicious
77.56062562090312,89.96344362890476,2.262326884269055,1702,535,0.7024853815865402,1,0,0,0.7189754971759993,suspicious
80.8673575543215,67.2447299877281,15.559322122537933,1831,1160,0.6474927469940114,1,0,0,0.3871459686087768,suspicious
78.7673751785268,95.37654460320522,0.0,1443,901,0.8814910439663594,1,1,1,0.7462631773165711,genuine
65.28411284352538,94.20860104896028,0.34593068680970696,1741,2054,0.6791775483254063,1,0,1,0.8329594934530898,genuine
89.7198885030702,85.44722150202651,7.5524781412027,2085,1573,0.8319802106366947,1,1,0,0.671599901683753,genuine
88.49285389101748,93.46491271179765,6.661483985026258,2844,2144,0.7202655466764669,0,1,1,0.6959699045684907,genuine
69.56521945157876,92.146408804427,4.758830375827782,1487,1903,0.7417461174737623,1,0,0,0.7183839621797274,suspicious
89.6235345198713,94.23838509841394,6.913386732493477,2271,1361,0.9492070155552894,1,1,1,0.8555949882732263,genuine
75.31519155466307,92.66090613424865,8.658608071105581,1596,909,0.7907937439262289,1,1,0,0.6027272226340303,suspicious
93.77311110559201,64.75095217744656,31.620282446914825,2751,1804,0.6664415966284706,1,0,1,0.6054254470849909,suspicious
70.13029325430979,94.127092673909,0.0,1906,1655,0.654033289614473,0,1,0,0.6324838247183986,suspicious
90.34136303311678,85.55527364010396,2.9429811704720708,2392,1798,0.8097862527031068,1,1,1,0.756690649244422,genuine
74.48854307627329,81.36085205799967,17.86356801718095,1225,2079,0.6414046060756167,1,0,0,0.46571600279739517,suspicious
86.90074257060068,77.22610021245583,18.560311234400725,2152,1496,0.9605593455009083,1,1,1,0.6829100455185831,genuine
84.14378547690731,95.13059884329179,10.490581542412801,1133,1601,0.7461789882471764,1,1,1,0.7488202167847366,genuine
77.24028151565048,87.63917864147781,0.0,1908,1161,0.7176916683977274,0,1,0,0.7126999408473677,suspicious
84.34496044026227,95.57928555621385,0.0,983,1286,0.7391722177514984,1,0,1,0.8797074984502206,genuine
91.62427864258288,69.02321072035603,21.157932404692367,1950,641,0.7866505350852874,0,1,1,0.45365437219717697,suspicious
84.6579641182869,67.5832631772472,25.478499132984812,947,745,0.829822925993756,1,0,1,0.5376599629822416,suspicious
89.93328519201644,86.90380338604636,10.073289082213249,1769,2197,0.8110142984353902,0,1,1,0.7316265069737433,suspicious
83.59415168006757,83.15617214414945,15.916415366008886,1710,721,0.7337313558982244,1,1,0,0.6293680227379427,suspicious
84.4030320657257,96.28774700589832,1.9816120173639784,2598,529,0.703426240242292,1,1,0,0.8563167007534995,genuine
80.97293398426687,87.94273412549698,18.649303302560046,761,1838,0.8428878156808672,0,1,1,0.7431204075149019,suspicious
89.45542324580833,82.36116129427381,25.067593976499793,1086,642,0.7758676392869996,1,1,1,0.5892978570372195,genuine
94.54048106662677,90.3013784825149,0.0,2275,1231,0.8253308703655184,1,1,1,0.8736988469475764,genuine
76.53094169454357,90.29504509178354,7.594494653007095,2788,1074,0.5360737592920854,0,0,1,0.7897878956426421,suspicious
89.95527522842228,69.18045069731359,28.700621904164542,2519,1150,0.747483087658419,1,1,0,0.4523355215929482,suspicious
97.00473112710964,87.96667757542262,13.122287690398128,1899,1117,0.818359048075516,1,1,1,0.6014219656469226,genuine
49.6909922104179,66.35456837880683,22.379168345545082,1168,465,0.3427975174848912,1,0,1,0.5044950309360552,suspicious
81.51064003382196,94.13305059083471,6.18426625360147,1594,881,0.8443207011138224,0,1,1,0.8067617906106171,genuine
78.3212085124094,82.97834071900581,1.6820362584677078,2642,1555,0.6737143135900205,1,1,1,0.39821386638179557,genuine
77.42655527886019,80.41434600762204,14.55524734514687,1027,540,0.8559539845484447,1,0,1,0.5472536462477053,suspicious
96.87632031414391,78.79646550419896,5.680524940336676,2964,878,0.9398425689775577,1,1,1,0.5610743664821924,genuine
73.55280474666958,84.63878787908955,15.076761838909066,1190,2019,0.6320979116910411,1,1,1,0.5045918002640714,suspicious
88.06981886735929,84.75926059510066,3.6188489169809372,1708,1578,0.8938970663072623,1,1,1,0.5554620166184885,genuine
73.80747025715344,83.12403948940094,13.798202606325313,1960,1324,0.8164020309533385,0,1,1,0.6814684661116563,suspicious
82.38667998251866,95.4232928434377,5.6668995003726685,1238,1383,0.7293488075532143,0,1,0,0.7047168730713465,suspicious
79.56275958963974,48.84399742498536,38.898049154914894,879,2146,0.55665512213906,0,0,0,0.34151282002571715,suspicious
91.50015851161504,85.75814808460845,6.2577188960212755,1275,488,0.6367180262147449,0,1,1,0.5206284092558423,suspicious
85.1900972427688,97.1868385163576,0.6372933611664506,508,1981,0.8271380562960698,1,1,1,0.7518727033758811,genuine
88.35530722306689,71.53040257937161,29.61969974293934,2094,1260,0.6752694335989021,1,1,1,0.39175552302625816,suspicious
86.44178858782632,88.82077118293998,5.4121628137639535,1148,1289,0.8167629879800711,1,1,0,0.8856497296044012,genuine
92.89918383259055,91.63701874107608,6.4222466928122355,1608,812,0.7875091629918552,1,1,1,0.942295480772335,genuine
95.60631283321797,54.39322271421932,30.307561333123658,1260,1099,0.695045562917042,1,0,0,0.37836589806255955,suspicious
91.85963204141727,88.72868604854374,15.596475160358667,1001,1377,0.7739900243746763,1,0,1,0.5751366737954471,genuine
80.16368821144265,76.95725814202518,17.826871819602882,2854,859,0.6094717651719821,0,1,0,0.7182103564198351,suspicious
89.88297407070134,88.4948675175898,3.2810313025621687,1354,1029,0.7605202378233258,1,1,1,0.7790425941960443,genuine
92.35988255029461,94.77886619154225,3.9657271660655895,1955,2188,0.77835738854344,1,1,1,0.9832003519877581,genuine
87.82873520191474,93.29719784423615,3.339878446452513,1349,1870,0.8029973223546516,0,1,1,1.0,genuine
78.17653942707028,76.82055158009663,27.132661091203342,1514,1489,0.7085395321210256,1,1,0,0.3713475043485832,suspicious
93.47686948560386,89.88619618762408,7.272540313739699,1121,927,0.7466211351063748,1,1,1,0.858128704799708,genuine
84.32094822361154,80.70346483545265,4.793159154744744,2958,1914,0.8379092407909021,1,1,1,0.6189267649169445,genuine
92.43776959042468,84.26595336133792,15.290967634143245,2007,1945,0.7987448950377803,1,0,1,0.7400182323865123,suspicious
77.51570920598465,97.40038594452058,14.45232257516659,1418,2173,0.8675482226967883,1,1,1,0.8725448881958584,genuine
86.94659907511956,98.13779077552473,9.775173145180204,1886,1603,0.829783955005975,0,1,1,0.8734120861622486,genuine
92.61872808611692,92.5987528984513,0.0,2896,803,0.8390469379141972,0,1,1,0.8608343815526063,genuine
95.78563396079305,82.71109730744374,11.08558000914147,2052,1078,0.7901061159716573,1,1,1,0.594456428469203,genuine
87.97889803902825,90.39799812181663,6.986719167084043,2854,2065,0.8470449839238987,1,1,0,0.608838297348231,genuine
94.49106833268027,89.18140370231708,7.984105213337342,2160,585,0.8398307935111491,1,1,1,0.855880804976638,genuine
93.04979597874558,79.67265679292922,17.91224040555496,2225,1830,0.872682572574008,0,0,1,0.5327738964339793,suspicious
95.50913814723309,88.56182646484831,6.169923097793239,1434,1302,0.9705869559238126,1,1,1,0.9318624569372205,genuine
86.37653013048971,92.83398877403127,0.0,1813,1218,0.7353841883288503,1,1,0,0.6509468743730669,suspicious
82.69616937744983,89.08700987356221,14.847344950390866,2011,688,0.8093197119043631,0,1,0,0.6669957753459916,suspicious
75.89840105797668,92.38021237780512,0.0,2555,2108,0.7710994319345968,1,1,1,0.716192464099652,genuine
82.23271739864165,65.48585732131433,20.270791221727755,2355,776,0.734876259055164,1,0,1,0.33895961391013085,suspicious
84.16175595115301,77.09595138863502,9.269569324955848,1310,1462,0.7051353577785222,0,0,0,0.4321865381319596,suspicious
91.77474558957276,85.12883679702776,15.438859450394425,1574,1391,0.7763206266915706,1,0,1,0.7904748330592726,genuine
92.76715189547794,92.1992143455814,6.5958884067177745,1420,1109,0.7867739495606393,1,1,1,0.5311890584980689,genuine
87.29428808144829,91.6482180718223,12.448361784065819,2963,662,0.7482360528274443,1,0,0,1.0,genuine
94.4579641700883,87.16990849255302,4.1262147167925,1017,687,0.76469158106076,1,0,1,0.6860641497055074,genuine
73.7492229420721,95.12145337867003,0.0,1952,1548,0.7088137997100185,1,1,1,0.6374503167183575,genuine
89.05364331673334,72.68063177484761,17.382219480572704,1138,1710,0.6999247926776535,1,1,0,0.6318712431022457,suspicious
94.40434634531952,85.58899207019314,9.530774940031097,828,836,0.8624522269277434,1,1,0,0.3892830286767675,suspicious
59.504712855991556,91.41976730813109,7.89884867329214,841,1794,0.6198863789937564,1,1,1,0.691329991695155,genuine
75.81607972184337,78.92893462899207,4.026557595241885,550,1631,0.7036566609954451,1,1,1,0.6067905137129402,genuine
84.15292976637896,87.33177924010847,12.852281612904369,2627,772,0.7434443616823282,1,1,1,0.5467096628359708,genuine
93.32356454325495,94.37765126389385,0.0,2585,1091,0.8480591611815907,1,1,0,0.6792074828157592,genuine
98.96503380212947,74.87914369082348,14.308732681059901,503,1069,0.8106847806848316,1,0,0,0.7821559229157141,suspicious
86.6750048530782,83.68781363940697,20.450106488434702,1169,1398,0.8349705120249632,1,0,0,0.6914925367665001,suspicious
90.35404999638996,55.648492253930996,17.981252891379366,1561,499,0.6910314132687949,1,0,1,0.4931240185058877,suspicious
93.9972592876032,79.19862185410773,17.85854779958787,885,2113,0.839020697503574,0,1,1,0.5391698430861454,genuine
91.87031583939405,62.61714854965528,30.268238998230927,1410,1403,0.6491902488302153,1,0,1,0.3421292640081477,suspicious
79.85709935506128,73.42321598058905,14.201093176602916,2812,1635,0.7595951723144526,1,1,1,0.5584585078523806,suspicious
74.30306455464577,80.00934763543265,11.863959027013362,1469,1480,0.6382524174937573,1,1,1,0.3451600965252551,genuine
94.47635349936431,91.11463015223555,15.211355000882328,1772,1120,0.7689011613017382,1,0,1,0.5972994404503088,genuine
95.80239712912527,61.33514131292546,42.739108823103095,2610,1927,0.6849494639371715,1,0,0,0.34038113673940024,suspicious
87.01332453429588,57.64100392691284,39.22232812300657,505,983,0.6122554035625025,0,0,0,0.21647608088631168,suspicious
97.20985450799742,96.98140222285576,15.465050007181473,2553,447,0.8357998532891077,1,1,1,0.8537573118634049,genuine
98.49129779453891,95.29182158907864,0.0,1637,1410,0.9983132052164081,1,1,1,0.746673828865246,genuine
95.15874536842772,71.08301456355217,10.627150612119285,2159,615,0.7447735527559914,1,1,0,0.4943036969599975,genuine
68.40187216836362,83.54875220722217,11.97008528527267,2897,1878,0.4767503550203107,0,1,0,0.7489119777231464,suspicious
96.0059668479486,98.72632281864779,6.589268338753866,2223,456,0.9000918944827133,1,1,1,0.5924980268257418,genuine
74.66663337475427,82.25221464897332,0.32758827045162064,1253,776,0.6018231301533254,1,0,0,0.49678824257930665,suspicious
74.58635793980807,69.73496400301322,16.213579052454815,2509,2100,0.7243333429280986,1,1,0,0.6919587789882211,suspicious
93.22137468858372,88.99704970702783,2.544447068639011,1097,872,0.7947454190371985,1,1,1,0.9857452384634873,genuine
79.80416371302604,62.492399829283436,30.626645064746576,1462,1323,0.6530374223003619,0,1,0,0.582046385256477,suspicious
81.01154616829257,86.55238654898206,11.679047034510562,2118,1973,0.8387408847747776,1,1,1,0.7490077064125572,genuine
90.38991946425915,95.49442605228874,0.0,1626,843,0.8756889025098777,1,1,1,0.6941323826821189,genuine
61.593918821859866,85.0032463789951,12.506243599589222,2632,940,0.5131584242624044,0,1,0,0.6129622743352424,suspicious
95.00261959691747,83.72490242493313,4.192686887956803,1112,434,0.7388885963658085,0,1,0,0.6970715302436291,genuine
95.65109013088242,92.19722611359256,2.8671067264960577,2101,1845,0.7095427559134659,1,1,1,0.9023255910723541,genuine
98.25127647126268,79.23887213899376,6.717321126919668,1095,573,1.0,1,1,1,0.6850961454495045,genuine
93.43262968831722,97.1249466771758,1.1046251975544563,1981,2161,0.7811078768586615,1,0,1,0.8919545361572339,genuine
91.34437201542583,88.36156229142641,3.1254034694286954,2837,1697,0.9082273626070164,1,1,1,0.5969450787386306,genuine
88.03056075879189,90.54205576405961,11.926083317435314,2930,964,0.755971819091592,1,1,0,0.7983674813042256,genuine
73.96843206748252,90.72701725401446,6.771427564419307,2402,1264,0.621223907794329,1,0,0,0.6452548360059396,suspicious
79.11415904430201,94.53235481317199,2.5135346276435566,2087,1331,0.752297782907026,0,1,0,0.7730770521918794,genuine
96.58468566990382,85.49424953030909,23.25618343523042,1632,1722,0.8154029455886728,1,1,1,0.7578525007134104,genuine
92.26441704291585,91.46212256083092,9.086425318507269,1286,1067,0.8925239918021236,1,0,1,0.6679490104335547,genuine
95.30285106731783,79.07002937754001,13.12039938142149,597,877,0.882294318547916,0,1,1,0.5105109001921784,suspicious
88.51341981567244,81.87902463872719,9.504584091352028,1770,638,0.7328235088839465,1,1,1,0.6985437008762783,suspicious
85.08666753623285,73.6034525051655,11.52920237960712,2357,1191,0.6218756168346699,0,1,1,0.572654975292281,suspicious
90.78052048696522,82.51040964650855,12.656005566935063,2589,1266,0.7005762832694298,0,0,1,0.6764189072905342,suspicious
84.71220222044002,56.16786153167395,35.02739864788099,2872,1523,0.5084523311982331,0,0,0,0.528200148713293,suspicious
85.4698757899775,87.41992469408626,0.0,956,1901,0.7521472330431082,1,1,0,0.8562337242471862,genuine
93.22504624035795,80.10014582438708,5.377005942860684,2817,782,0.8052691372440384,1,1,0,0.7203930023380806,genuine
56.68337843329472,75.96467617424804,14.413773344445925,1194,801,0.4669274167845066,0,0,0,0.6715502629626751,suspicious
90.58842854073417,94.46815556610213,0.0,2286,917,0.7239030858181476,1,1,0,0.6956999900863376,genuine
90.18129883279245,75.33227372998209,18.803597104695,2364,694,0.773222416466461,0,0,0,0.5610373594290796,suspicious
96.58789789484928,76.43608470373806,18.948000772544653,2119,655,0.7683551761937542,1,0,1,0.6660290672118259,suspicious
83.85281277724647,87.92016499274114,8.203724679913165,1548,1840,0.7478093791087771,1,1,1,0.6597714780406992,genuine
91.26506877100486,67.564662408006,28.177723443684627,802,1681,0.7327566151132151,1,1,0,0.59456047446043,suspicious
84.60176863223155,97.31071912307064,0.0,1752,1894,0.8130867131744901,1,0,1,0.6806116855139136,genuine
90.34148707217197,96.90425891429162,2.0004717910575107,714,1448,0.7842579918763918,0,1,1,1.0,genuine
89.05479041592598,88.0594724204502,1.932200590814917,2068,1871,0.7599052825173712,1,1,1,0.727717153521077,genuine
80.59251478038762,78.05677077631184,18.449759868813736,1163,1200,0.5684493703070888,1,1,1,0.6398147896205809,suspicious
66.93924511311202,95.459657417856,3.9366140250123047,984,1986,0.6697276316551153,0,1,1,0.7057646074980563,genuine
90.3010812401465,79.64345147020047,6.877666478233358,1909,1421,0.7931610025282642,0,1,1,0.866710100926187,genuine
83.33481806050085,88.70589636738526,7.385162098027767,1121,460,0.7492251023455166,1,0,0,0.5592523370112688,suspicious
84.20561041803896,99.49955843387357,0.11057806172561174,2783,705,0.9490320870426179,1,1,1,0.7116344461853334,genuine
86.15417738874189,87.48411548294135,11.353996710334837,748,1330,0.7917347379228478,1,1,1,0.8023039291500648,suspicious
94.37322737608012,96.17978876134208,5.091987974991495,2678,1864,0.8413572817473172,1,1,0,0.7981970837235968,genuine
95.05500005640454,87.35426817720786,4.435997294488366,2433,664,0.8761747683184415,0,1,1,0.6296220022228686,genuine
68.88675392180168,90.65514865843868,12.354151111699991,1265,1760,0.8434308551512257,1,1,1,0.6594706765564985,suspicious
70.91814488338815,59.39115564427732,34.11802301866681,1922,2001,0.6296636743681223,1,1,0,0.440222338337071,suspicious
86.73881269324163,84.32525369669361,6.68400259604147,1415,727,0.5967367486873263,1,0,0,0.686858789153611,suspicious
86.08415077126341,89.20167385469382,0.09986529387903254,1097,1398,0.8171158488079096,1,0,1,0.900049114607326,genuine
74.24299820105588,93.56803625961021,0.2869112882326359,1276,1995,0.6461607448454944,1,0,0,0.8211637114373329,suspicious
91.30039971010473,69.25707367855225,12.755659107671285,1354,955,0.6127972674474893,1,1,0,0.6768568143813604,suspicious
88.92536051821966,85.36551105081325,12.43191229640932,1825,1109,0.9272335207619,1,1,1,0.630811182404101,suspicious
93.83302544653195,94.6853397976119,12.270914613321823,1950,1209,0.9651437349227583,1,1,1,0.819370270553127,genuine
91.9116331595333,90.36100907665829,17.18006559798792,2523,1235,0.7509139365558024,1,0,1,0.5363133868316767,genuine
90.05053606036506,94.40505587258029,0.0,1928,998,0.7494506345618951,1,0,0,0.7770969120770997,genuine
65.5852841782179,94.8899303657536,9.34018204834662,2458,1356,0.6763425500258469,0,0,1,0.7732746893762759,suspicious
96.26223248578444,93.74588051819562,5.282095756479581,2802,886,0.7892549051096353,1,1,1,0.9685370590291469,genuine
69.29219780881066,82.74218987935835,0.0,2716,1828,0.6464488689632096,0,0,1,0.8488477243514368,suspicious
83.03828540404291,78.48851878305254,13.806830872144722,1521,1629,0.6789155902731873,0,1,0,0.596895362355685,suspicious
88.7508926707093,83.25093715830121,9.456015688921019,1804,695,0.7529759601263546,0,1,1,0.5679506656014974,suspicious
90.49820832664471,73.85484093203114,28.084594572799567,2516,1932,0.6605270408255681,0,0,1,0.4960756977010178,suspicious
74.0393737069673,80.28991977856322,8.685878603224191,2146,877,0.7481325947380435,0,0,1,0.6069619467503466,suspicious
91.8761757579173,80.48970672125279,18.574170389406262,826,1352,0.8947225323975804,1,1,0,0.8001265723780477,genuine
93.70631752071039,90.7497749024725,6.188050478236686,2885,2086,0.8279491820069235,1,0,1,0.775787097084743,genuine
91.21748553932017,97.00160716611853,0.0,2418,1627,0.8325182736109511,0,1,1,0.8381738759933894,genuine
89.95326618203126,86.61380765943198,6.174347095519741,2189,2088,0.8515633108225619,1,1,1,0.7902552828742946,genuine
70.99316931162923,90.41277161866407,17.911841506391873,2974,1485,0.6876396211593626,0,1,0,0.6040033095558448,suspicious
89.72355660529185,65.81929695276663,24.42193344451765,917,1856,0.8861164682229861,1,1,1,0.4414672791320199,suspicious
87.3320474834197,95.07907566427981,10.031762668175205,2714,1235,0.7000469692927573,1,1,0,0.8230605532098578,genuine
97.12486897955114,69.62387772970777,28.739471716795418,1317,703,0.8742466994658991,1,1,1,0.463520384760743,suspicious
78.64609899992034,88.47993579637611,5.502201194190267,2532,719,0.7232632937822738,1,1,1,0.5246705270235675,genuine
85.38881082415087,90.28371705673943,0.0,689,1471,0.691039563504615,1,0,1,0.5923598640788981,genuine
86.27327177519989,90.48990497251653,0.0,1890,659,0.9667681284004156,1,0,1,0.8504425805026823,genuine
82.08319284948094,91.07851876872199,16.852780221127077,776,1203,0.9520530802446951,1,1,1,0.6837384332333724,genuine
97.87412705256705,93.02309698452147,6.294839145036384,2872,1234,0.8521099733087658,1,1,1,0.7712868578760895,genuine
91.35913746757276,71.45221731515096,9.274089096779752,1730,545,0.8080429646704809,0,1,0,0.4477145965968027,suspicious
85.73492849442617,89.77260868984328,13.508267177081528,2638,1925,0.744013655937823,1,1,0,0.763709271810384,genuine
80.56103931807448,92.26460592360192,0.0,2347,536,0.7294846829713303,1,0,1,0.705765794419995,suspicious
94.05228136586499,82.82001170120873,7.102121519033727,1707,966,0.7277899232150226,0,1,0,0.7161038561558009,suspicious
87.03903078289989,86.97588989309119,10.337143188196391,972,1943,0.6807724495378614,1,1,0,0.6384613581772504,genuine
76.94107288190332,88.2298620380626,26.470537030769332,1669,467,0.8682236265813488,1,0,0,0.7663529771284096,suspicious
91.43330179778184,86.96675843604643,15.486938721439913,1300,562,0.8086319270687955,1,1,1,0.6324925525714776,genuine
72.08177467618992,78.83375920386663,12.497952454783455,1135,1919,0.6696627275562151,0,0,1,0.621031339648668,suspicious
91.54222619860231,95.66694192803587,3.4479936260447053,1341,888,0.7693503675625497,1,0,1,0.7327339322761155,genuine
87.60207400396621,81.8968315071176,20.0153408858777,1074,2040,0.7893531759754189,1,0,1,0.658323165220452,suspicious
91.65783893235528,80.56339441953027,24.53049722118327,2601,671,0.676880905361204,1,0,1,0.6779949009079842,suspicious
83.91134710429654,72.3676400959261,18.990793450742814,2773,695,0.6644437714194992,0,0,1,0.5195527004206174,suspicious
90.83758744969307,85.11692257282232,9.631989534762534,960,1435,0.7072546478963507,0,1,1,0.6665811842551836,suspicious
97.46110741723291,84.50606824090868,5.8101092801941565,1030,2117,0.9481930983120873,1,1,1,0.698426932417056,genuine
71.62396583075395,90.39160394836468,11.862407803007823,585,1768,0.5593829186725726,0,1,1,0.7840553053961126,suspicious
74.55409833881731,95.00475924424092,10.928234516152775,1546,1497,0.627776297535221,1,1,1,0.7509078340532483,genuine
73.49295456563038,96.8709822778575,0.0,2060,877,0.5560745186526569,0,0,0,0.6685215229150123,suspicious
91.33978638622212,88.6589438624617,5.728150006087383,1159,524,0.7441549846067674,0,1,1,0.7196460543248259,suspicious
90.28314036489266,60.461271805404934,21.159923993548855,1817,1808,0.701231913412261,0,1,1,0.5641314517295642,suspicious
65.31918215166246,94.770256739108,4.978656144151128,1339,611,0.7397227559983047,1,0,0,0.5981862510438448,suspicious
86.3522336888589,93.13488239370035,0.0,506,715,0.7763668978042534,1,1,1,0.5865032568440082,genuine
77.21314379740728,79.57497860174618,6.077778694821044,1095,1193,0.6679759284809558,1,1,1,0.5571344552427279,suspicious
88.51802315432953,85.59548383963605,18.668022085249603,2412,1042,0.8133485099938305,1,1,1,0.661684252639624,genuine
72.70377296846874,91.76472372201951,5.017298261013062,2707,1960,0.6665540837696622,0,1,1,0.47048804625003016,suspicious
80.62202147296875,75.02506879731314,18.31185526731463,1560,837,0.9043984405828507,1,1,1,0.6690913650758813,suspicious
93.84316337383757,91.69712067138109,9.248955385359205,1952,1574,0.7919430897474393,1,1,0,0.7116731308956855,genuine
88.44362481242686,96.03224910111328,9.77154590808775,1870,1218,0.8480611266391402,1,1,1,0.48612599934556017,genuine
76.69590116488675,94.42107279793424,1.2540455735230442,1257,830,0.8006925022350511,1,1,1,0.6217883632017197,genuine
62.62581316311384,89.74614826432895,4.916186576082831,2177,2166,0.5818560358815311,1,0,0,0.6818990906255286,suspicious
79.95146699526668,94.08366648027292,1.692784449576505,1518,1831,0.7681234882812241,1,1,0,0.5399648508205981,genuine
85.56093807645476,83.65969917004806,19.825787889767852,628,1726,0.7252277092810877,1,0,0,0.7857329367907918,suspicious
99.87166117027483,88.04523132921878,8.48913059590368,1464,1226,0.8912005405655686,1,1,1,0.7267818214371338,genuine
94.15784554193014,87.96813628121262,6.986209605739127,931,770,0.8400202720100085,1,1,1,0.785127830024787,genuine
82.27787635765894,64.90284120989367,29.05914411565715,1695,1563,0.6858406601208124,0,1,1,0.3957402501670722,suspicious
94.83200772849855,87.1448663622268,22.46012962678101,1658,2140,0.7418251316232568,1,1,1,0.7465236648112294,genuine
86.95244971005064,85.95170152459193,11.05620586638938,1670,879,0.929165760703358,1,1,1,0.6083364126183991,genuine
88.81794633760298,74.40125803036103,17.312925904478433,929,1627,0.810231735324383,0,1,0,0.5721138143629284,suspicious
97.52979867180541,60.91448360577979,42.91512692159723,2868,1946,0.6591389121778773,1,1,1,0.5296554744605673,suspicious
68.90382292168927,79.33606537425226,24.80656246506949,791,1217,0.6125854452262598,0,1,1,0.6262806993050417,suspicious
80.75020209401698,86.77520581622075,18.212370683320568,1232,544,0.6162626458231468,1,0,1,0.7912120057742937,suspicious
86.32415103900651,86.25387313190919,6.804787871545651,1312,2050,0.8377081738669097,1,1,0,0.706720311168778,genuine
91.32812064073194,88.3419315928513,4.544756816703746,1638,591,0.8127449969489513,1,1,1,0.6511602798387439,genuine
86.30785496399858,95.97774593008617,0.0,1567,1773,0.8012716441042232,0,1,1,0.8689676463700151,genuine
92.81702949432372,86.45286916034259,16.9147663447228,2969,1261,0.7520534865263492,1,1,0,0.8180613089364457,genuine
95.13276238830278,73.11597370904467,20.701999770817732,2625,1713,0.7759077708954716,1,0,1,0.5954393553098603,suspicious
96.10037589135311,99.08617435908204,0.0,637,1670,0.9353426072405363,1,1,1,0.9530222799911722,genuine
88.30534461392966,73.30770692513738,28.43215302069838,1987,761,0.8417205794512084,1,0,1,0.5582086631297783,suspicious
85.76338908508328,84.96537064682089,8.9145153352307,1789,575,0.8375891452656751,1,1,1,0.6643707548094415,genuine
95.09584375225302,68.20950227180188,22.34431021122435,2824,630,0.6644733909078614,0,1,1,0.5462014841906447,suspicious
90.35748405489277,92.73800374225146,0.0,1353,760,0.8042793735888567,1,1,1,0.7263284201148112,genuine
90.46763302507918,88.42689892831234,12.1252148880107,1643,1958,0.8293719385660432,1,1,1,0.670149921642827,genuine
88.81091296802175,80.44077762781652,18.18180695957544,2822,557,0.7195908312135817,1,0,0,0.5577432073376123,suspicious
92.35865778610864,90.00144404129206,7.163004097639011,1681,1624,0.6926136275601888,0,1,1,0.6007169488722648,suspicious
84.48953922573517,86.30278412127574,7.345246371845948,2017,1090,0.662008521570301,0,1,0,0.7037136036222045,suspicious
92.25603577952667,92.08818546623601,24.319134369849255,1278,1871,0.9498666777287081,1,1,1,0.8805063555313976,genuine
84.69512276445128,95.42452463867518,0.0,2458,1478,0.6937626990584738,1,1,0,0.8611003827287315,genuine
84.86446304798251,87.65128611810312,4.211476466045693,703,1779,0.7745520809789521,1,1,1,0.7477804499027614,genuine
72.49286242599742,83.20546984328843,17.553694782437447,2941,1889,0.6667104807763563,1,1,1,0.8155440302158878,genuine
93.82849099778817,95.78619122918732,0.0,930,2026,0.8370481353400839,1,1,1,0.7685992148655332,genuine
79.79408672838137,88.05403776891494,1.3420232574441364,1941,1843,0.7132077408113552,1,0,1,0.5857747442512009,genuine
83.42146253420623,83.33872090294597,20.416589847795862,669,1076,0.8137172698057877,1,0,0,0.6247762229337092,suspicious
62.413669804208794,91.91620715089086,10.299186711418091,741,2056,0.6383284051287433,1,1,0,0.7280503721105458,suspicious
89.05875278398395,82.85975159241185,16.24415214535106,2259,1030,0.7359788992804487,1,1,1,0.6013873008299667,genuine
81.16209262499558,83.75398681791023,13.4572838298303,2466,1454,0.7410460750460627,1,1,0,0.7432399618595933,genuine
87.67034383859779,69.38886267607295,18.113279218237256,1372,826,0.6411258585362443,0,1,1,0.6673756425955337,suspicious
78.05730470913454,74.9859921181527,16.991808184887166,640,1862,0.7329130286850676,1,1,1,0.3920330965499671,suspicious
83.31683765052841,66.9376280205927,24.243255277715626,578,589,0.6544261667530218,1,0,0,0.518045799132698,suspicious
65.41769051721383,86.36998046667081,16.14602912208462,2837,2132,0.5912702473069915,1,1,1,0.3425851526107266,suspicious
93.19522647639246,80.5817398102857,17.544696701391583,2381,1269,0.8482671245887428,1,1,1,0.6336650935978941,genuine
77.21287943921357,79.43392505562642,8.92965194948872,1466,1927,0.6678832558254136,1,1,0,0.6231411921762108,suspicious
73.46420201913136,82.91032203485884,18.344054068167974,1137,1297,0.6567118258465514,1,1,1,0.876427755459331,genuine
99.61453640545207,97.33917283353549,0.0,2255,652,0.9842528375444517,1,1,1,0.9558642141647753,genuine
83.16233058174706,82.12259208098105,11.165102996723924,2734,606,0.6680066102980299,0,0,0,0.768862795446872,suspicious
80.9935906740462,90.41452971039169,0.0,2145,1991,0.7923654637942994,1,1,1,0.6081475840217696,genuine
61.98008684306919,95.54112536308865,0.0,2558,1486,0.7176853000733497,1,1,1,0.6422280700929425,genuine
90.9418664944438,95.14497287896167,17.12737428705571,2627,655,0.9223363403290207,1,0,0,0.6296333173474643,genuine
90.66035741167443,94.73293720874501,0.0,1259,1054,1.0,1,1,1,0.9410575822220127,genuine
86.97280597314587,74.07734314532934,13.707634249052129,2331,1430,0.6991453776105186,1,1,1,0.48336569938790097,suspicious
95.12872717795558,80.56002893880364,18.15279069512474,1089,1221,0.7503019323401099,1,1,1,0.5982118192620721,suspicious
84.87145166111024,78.03601922957306,13.182966258482043,1057,533,0.8121317199838832,1,1,0,0.5163159730332366,suspicious
90.31542453712332,84.14480446438904,12.980300767084048,2983,1318,0.8726315597616628,1,1,1,0.5221777367595701,genuine
78.65586172795388,84.40397183122643,21.70386855537712,1318,713,0.6590142589891717,0,1,1,0.7151457298823378,suspicious
75.53584993695283,94.726650565709,8.537407079362211,2549,959,0.7665840103028351,0,1,1,0.7762143984642319,suspicious
94.53506110502262,91.57992672179036,3.034278508256078,1363,1601,1.0,1,1,1,0.46569235791103014,genuine
68.50834875161223,76.99236609883368,16.319689070069206,2817,1633,0.6461583346370809,1,0,1,0.45970677510072644,suspicious
82.1167120776268,75.99187412368269,21.720336475738595,1195,542,0.7976182182069708,1,1,1,0.6385575711816661,genuine
78.30411947436073,79.8976892830093,19.521661400865646,542,1318,0.8348599906388624,1,1,1,0.6305158556466177,suspicious
87.70736389187027,88.50007755940611,8.77021100946902,1658,860,0.9916477511639805,1,1,1,0.6598888143148005,genuine
76.78166254585184,86.78295307178816,12.437048196560744,1996,1195,0.7356941597311615,1,1,1,0.7669449926635274,suspicious
88.68847814175432,67.7752664113986,26.699627274108348,1460,1849,0.8461559576179437,0,1,1,0.36903817516850956,suspicious
71.59767293625885,73.99937261087092,18.85488466381089,1166,1137,0.587303776311987,0,0,1,0.5205959769484358,suspicious
79.52402086477231,70.26699305156984,18.063091966547734,2570,1455,0.6945640938078401,1,1,1,0.6243004026365081,suspicious
89.60843592010539,87.62977361865612,14.475838972159588,1437,442,0.7658130695353428,1,0,1,0.6231227857741193,genuine
94.68491842087096,88.47492959201006,10.686371037054622,2251,1286,0.6858120403437363,0,0,0,0.7453050441613999,genuine
86.15133694787437,59.56567790285464,15.758883562418266,727,1788,0.5806551830925375,0,0,0,0.33897786319664835,suspicious
67.9142528267424,85.96188963273585,4.747734137640018,2685,1568,0.6907499732820077,1,1,1,0.5888331825838555,genuine
91.40930154163155,77.93866456607569,13.181300303577528,2371,2140,0.8249822355144278,1,1,1,0.4096455790466751,suspicious
85.14779624036689,85.09118513893387,9.773691648569576,921,1813,0.6828583520049425,1,1,1,0.43387429333661864,genuine
69.77939819332438,81.4539952798905,22.337117978190925,1814,635,0.781791905426886,1,1,1,0.5945183043784323,suspicious
90.44328345613556,85.99671262746605,32.918746855633216,2375,509,0.7140745962645836,1,1,0,0.7419765844750703,suspicious
96.48763037824706,66.41585485771742,7.976362011940328,2480,921,0.813790751363577,1,1,1,0.5175509964546596,suspicious
88.54622295317702,91.3020319939122,8.654320521995682,1551,1864,0.7705863725928067,1,1,0,0.8696504426128261,genuine
77.62958762862043,97.89549796653898,2.0654793669627516,791,1925,0.75788690643979,1,1,1,0.7360280515577893,genuine
93.75643663539074,66.44149121840046,23.905453065491088,648,1706,0.8474032275050694,1,1,1,0.2771152347656978,genuine
62.791015812032036,97.67259526343753,5.546130369956878,2994,1676,0.7129104522416543,1,1,1,0.822684080093005,genuine
95.69484966131142,68.85786237686418,24.405124401408237,771,1604,0.8507885598424011,1,1,1,0.4214395243101986,suspicious
95.91424867764603,89.06079556209231,5.674365498959254,1371,962,0.8925070555032673,1,1,0,0.7275920424066104,genuine
94.04894039230405,93.90677872590815,4.774614602586156,2641,1625,0.7442655040253251,0,1,1,0.476996395035739,genuine
57.121936872832116,63.286062888074824,31.431419487075367,2879,1569,0.6202701173935696,1,1,0,0.4732826181701425,suspicious
93.04188650779321,92.8038354214468,8.627422285517062,1679,548,0.7519587713532148,1,1,1,0.8267537089906881,genuine
69.31249585656134,97.03443623155066,3.5445989796748067,2191,2051,0.6846345862985267,1,0,1,0.8459330874871738,suspicious
91.73454299171537,82.24320135814109,9.233465587124474,1780,1763,0.7737763791346659,1,1,1,0.6278565828393244,genuine
77.95104472940335,86.02800754774957,30.212994521763306,772,795,0.7497616730203147,0,0,1,0.6820642621860082,suspicious
88.08312009535189,80.9666480292556,16.79160715637605,1728,917,0.7361796809828831,1,1,1,0.5880708266221127,genuine
95.08432434306641,86.83702121526697,15.20947667990273,2455,1624,0.8224598122428861,1,1,1,0.6589002966267793,genuine
74.47983681300602,95.36896633922444,0.0,2065,839,0.85205079819735,1,1,0,0.8381645958068327,genuine
86.73328686518497,84.61563334389217,12.865290851220967,1902,1862,0.6716851781287233,1,1,0,0.586938496628429,suspicious
87.11464375523013,72.62927461820408,21.799300573950724,2582,1246,0.7476210564183877,0,1,1,0.5028064065600292,suspicious
90.50595054216421,98.43016888311554,0.0,971,571,0.7452339275904493,1,0,0,0.5978954615669526,genuine
75.95188365140262,84.96308063152247,6.261064203934431,1919,1645,0.7600429164782507,0,1,1,0.7573083637699733,suspicious
71.93751711165524,90.68540286997452,1.8399443771109922,968,2083,0.6361690634025405,1,1,0,0.6870998178948278,suspicious
82.32295447347333,79.39672312900491,11.249260289021187,655,997,0.7366739271202304,1,1,0,0.4836207431036579,suspicious
63.161551958011245,87.97871835280893,1.5270872892656886,2883,2127,0.5245236888942028,0,1,1,0.8025116605471203,suspicious
85.82003497134667,83.1760956945487,12.924920483195088,2446,1697,0.8690936530457123,1,1,0,0.6532834898949025,suspicious
93.40010463075284,90.1870049037482,17.14125661947771,2997,1720,0.8383913857130505,0,1,1,0.6258802957328908,genuine
80.30697695244353,82.45150124454429,14.074794964730177,1646,1049,0.7391453444540709,1,1,1,0.760185544762776,genuine
89.30878542414041,64.59944813999459,18.281520705300647,1940,1328,0.8083306552879693,1,1,1,0.46928228118153237,suspicious
70.73183380771636,86.96516186677145,2.5598012775288943,653,800,0.5770571423159992,0,1,0,0.5008566391720959,suspicious
74.31506498895757,89.16557971363213,5.486457170309468,968,1487,0.6567600870125816,1,1,1,0.8218052163367446,genuine
74.05579881278628,86.74629996954089,0.0310294209105777,710,1948,0.7118327751333482,1,1,1,0.5866276822950063,genuine
80.27145187112069,79.78911254820902,17.289365176569245,1350,1567,0.5802781510761497,1,1,1,0.9941969695083868,suspicious
79.80127085805736,83.80246787839724,21.619841179569526,1518,1973,0.5958442954579571,1,0,1,0.6103989949087213,suspicious
86.750317338946,93.72050624540073,0.6782908268216774,1030,677,0.7324773422801839,1,0,1,0.5013683931723603,genuine
85.93186199197116,94.42366000875252,4.715192340888363,2445,1494,0.7033364415284711,1,1,1,0.9593787564083217,genuine
92.23923523147768,82.06993655243201,10.444822771977552,2019,931,0.7772208026320446,0,1,0,0.6432673378748958,suspicious
75.42009776620722,74.4363285758822,14.765358609150587,1586,1415,0.718116028248496,1,1,0,0.619668974018525,suspicious
97.61023725042423,81.96643633539867,14.85220522390833,1501,581,0.8993730591331527,1,1,0,0.6950161948073261,suspicious
72.87805255416836,72.86316365939065,15.709488775676196,1916,1090,0.8006181026253975,1,1,1,0.4131004869280272,suspicious
95.78333962727166,91.49778164850768,0.7178605961893982,1445,1067,0.8495262061820245,1,1,1,0.4654525321142059,genuine
78.48767002493965,94.90290651527978,0.0,2432,1350,0.7597758253197803,1,1,1,0.9871481654523893,genuine
83.67597032395705,72.13524879308537,21.350680999356495,2504,1741,0.7222414841175597,1,0,1,0.3829540744818801,suspicious
90.68263417641532,86.13812612689911,17.865471169494587,960,1433,0.8304038986378002,1,0,1,0.8791440700313342,suspicious
97.09109389147594,79.89723627003731,20.028234317268385,2909,1994,0.8627045936356714,1,1,1,0.695832378527956,genuine
72.83218425307793,87.90968239036727,19.511691522464815,1642,912,0.766952824379409,0,1,0,0.7177820821417075,suspicious
77.97462222479604,89.50518281333169,3.14950470689422,992,1068,0.8040546616228526,0,1,1,0.6533439344533856,suspicious
88.5999391913244,82.50380995314855,19.077808246752074,2626,1250,0.8237081914541557,1,1,1,0.9305836896253312,genuine
79.76754044184801,97.04408740602526,0.0,1536,1509,0.8819130571193802,1,1,1,0.6867133479022013,genuine
82.29651457340097,90.21989237038255,12.299891242308352,871,1930,0.7626176404241712,1,1,1,0.6354721499537413,genuine
63.5265538479274,85.24213163800005,22.57771222443303,1841,1471,0.5771025131627219,1,0,1,0.7561983663200116,suspicious
95.98481706706684,74.94033029478122,22.283422800698887,1525,2126,0.7754085325058615,1,0,0,0.5122792513196879,suspicious
92.45644333376656,90.87209099284264,18.478613073974202,1114,1251,0.81968032139621,1,1,1,0.5991149945718925,genuine
96.55003694222916,91.1553836534369,2.442338273390426,2318,1353,0.7687728927754488,1,1,1,0.7158838391636383,genuine
95.7901872769671,96.5297970792334,1.6630347319812953,1505,1650,0.8148913051061198,1,1,1,0.8483766409796982,genuine
81.71803330167107,93.04641486766313,0.0,1819,664,0.6725962433578737,1,1,1,0.9635490283419706,genuine
89.34937869028319,61.90837490288178,28.81224776202667,639,671,0.7630587196748426,0,1,0,0.738920092282351,suspicious
83.79006937983269,93.29449507931083,6.9168454335835,1422,1000,0.8061773765974415,1,1,0,0.5251156618792823,genuine
90.40274302988392,90.86610012900742,7.032670341671198,603,534,0.673269877873375,1,0,1,0.8457004029937804,genuine
98.23929345050537,39.67466809615901,41.925026296739325,1205,1147,0.6854155062092994,1,1,0,0.1929926551147289,suspicious
87.28698392615199,88.39737375708853,5.2669593572390445,2466,1026,0.9343739375863302,1,1,1,0.5887577177291871,genuine
83.07399872555914,76.38948330347036,20.12408166628084,2814,1512,0.7813371005995707,0,1,0,0.5400729019040889,suspicious
79.69794047284182,89.90559585198656,6.455794598558928,1348,2145,0.7791475229470538,1,1,1,0.6405600976938954,genuine
79.59094504899277,71.8375813487178,13.059192952279556,2247,1418,0.6437948356116067,1,1,0,0.44004696628368034,suspicious
94.6867345980907,69.41586289757521,9.657100505006845,2269,2116,0.8119860364546662,1,1,0,0.2700026629411943,suspicious
73.97359483133272,96.20452655055973,0.0,2455,1488,0.7201788893090174,1,1,1,0.9370118401562786,genuine
72.15560921924572,94.38765521139172,0.0,707,1540,0.6412408893164172,1,1,1,0.8567244332125014,genuine
95.11398018696754,83.79660356522618,6.3035574063745585,1243,1906,0.7882292213224831,0,1,1,0.6622355890825047,genuine
69.34442544237946,82.11115165208338,10.453499503979895,2177,1442,0.6183163710065911,0,0,1,0.5346299401577895,suspicious
77.1816279042711,80.97465289297662,13.246316120033809,1237,2144,0.585023352729719,1,0,1,0.7898733840255744,suspicious
86.3352170178148,87.70381144621251,4.560100591940817,2134,1540,0.6745530579675796,0,1,1,0.6878715629258453,genuine
69.17576098074193,94.90528751567696,19.159442120372777,2745,1003,0.6709481625181225,0,0,1,0.6840901461346773,suspicious
93.39745825416392,71.01512848659681,12.91093239986663,2554,1173,0.7167814525579108,1,1,1,0.36468879701385065,suspicious
89.15649990029637,94.74480495933209,12.405883486083743,1725,1564,0.7923058108332386,1,0,0,0.8164212989298055,suspicious
78.25418633774679,89.03135702876061,7.088506160579879,1011,919,0.6027783764374005,0,0,1,0.6660033002363137,suspicious
93.64640188998786,83.26289874591231,7.9501412011816175,1299,1720,0.880964939715907,1,1,1,0.6913249043899642,genuine
90.30143034703097,89.02737590111832,12.34250014690016,1878,410,0.9759660923301264,1,1,1,0.7263398696605133,genuine
91.72562520771866,85.25355839092686,7.8896883479264766,2363,1713,0.8915421077875726,1,0,0,0.7522002884921389,suspicious
89.23002593299914,82.77644337281419,7.268914665313309,2753,434,0.8773790526093563,1,0,1,0.6822068197822596,suspicious
56.37118291999984,89.53447264853531,20.377814829338764,2611,694,0.6403386704413913,0,1,1,0.6736108065070341,suspicious
69.31674085917453,82.16363670620136,0.0,1049,2150,0.6772147746418267,1,1,1,0.7178034385523054,genuine
79.56478637839791,86.83571528734328,8.159096756045766,777,1894,0.741182231730769,1,1,1,0.8027352838163915,genuine
88.74737400630225,84.68844213409467,12.814169742887863,812,1740,0.7154169073402915,0,0,0,0.8570253512828364,suspicious
69.04983036343197,92.27253961651817,15.65175301985448,1049,2072,0.7347097072858085,1,1,1,0.5976726114735919,suspicious
96.82822451257607,80.0100201969312,12.203468567383219,1362,1642,0.8798651857558283,0,1,1,0.7675030250899229,genuine
83.61709443332117,99.4461245732813,19.042513280384046,602,591,0.7550856583472503,1,1,1,0.5989888880860498,genuine
61.728131978130456,78.05905113386525,21.769545079038792,2914,1920,0.6384608123253882,1,1,1,0.7401904657224248,suspicious
98.55736415360636,88.47217003023152,0.0,1368,825,0.8062876680513307,1,1,1,0.6308982901729944,genuine
83.15083898788922,94.94714627496391,0.0,893,1493,0.7274278896184132,0,0,1,0.8545583802520252,suspicious
85.2834540324714,91.47688614427464,8.050873397336415,1830,2006,0.8450430944985505,1,0,1,0.9049314284233545,genuine
93.75328326407596,84.90208020942977,3.3163760414291747,798,1602,0.856093736424219,1,1,1,0.7007339808763813,genuine
82.77575580711073,85.29911702209183,14.86049494592309,2631,467,0.7327346583625183,1,0,1,0.6767116788055803,genuine
95.93570569561113,98.45931420744414,0.0,2995,1822,0.841917080156411,1,1,1,0.7758666450740148,genuine
89.04667952929668,73.97617359254704,11.145684978438883,2785,1841,0.7777256708662863,1,1,0,0.5353393513808227,suspicious
82.1937119260727,93.84830423395448,0.0,1483,625,0.6220478442058351,1,1,1,0.8857157740896456,genuine
93.40738837320887,91.92468450786082,12.019881854662225,2091,2096,0.7763381822677046,1,1,0,0.7224639803133758,genuine
91.58850348592503,92.99896481763923,0.0,873,737,0.7266139556613446,1,0,0,0.4829618632885752,suspicious
68.82811402594479,87.94962917837444,16.354701892378117,614,496,0.6682050595273918,0,0,0,0.8096968135527217,suspicious
98.37994476941353,93.20754801112061,12.616097101314685,1897,1401,0.9595779878819676,1,1,1,0.8454572889675995,genuine
83.90100318919589,89.47734007428696,5.572147317722889,2367,1618,0.8072225684737279,1,1,0,0.7209930391966787,genuine
87.39730116978127,98.70376773353084,0.0,534,574,0.7739220394888733,1,1,1,0.6950436932939166,genuine
52.459541764494354,73.03947632632526,24.1114422189495,2985,679,0.4670579647824947,1,0,0,0.4450902686146511,suspicious
81.32659173005203,96.81941666915763,0.0,1564,1587,0.7103620760639597,1,1,1,0.680312912316614,genuine
90.91736350839174,94.13019046954959,0.0,2046,547,0.9862577088628097,0,1,1,0.7768992431305229,genuine
87.66661222355962,71.338479972361,34.86012161635168,590,1898,0.7536241631047865,0,1,1,0.3494829274876967,suspicious
81.48154101183503,95.5419335301084,0.0,2716,890,0.7844649256253067,1,1,0,0.8152653228838465,genuine
67.77869211287958,78.61157891397855,5.736259607405527,1913,1908,0.46820007594601976,0,1,0,0.6376000932634219,suspicious
84.69593454497043,87.1606902043461,11.624838085393424,1699,1734,0.6739502133016781,1,1,1,0.8517582737543059,genuine
70.80445025082112,84.51084972815704,11.141930649896567,2062,982,0.6679719004011203,1,1,0,0.7602364121395115,suspicious
94.36753526532448,74.3891577653904,29.61145026066085,2582,1837,0.7595089080726556,1,1,1,0.5083463464320648,genuine
67.90423604199631,85.08896376902881,8.519635247651822,508,765,0.664744590113121,0,0,0,0.4778045742140484,suspicious
93.02468176012285,71.01012412875926,19.152712686518754,623,1268,0.7917760514439139,1,1,1,0.4695338580684181,suspicious
81.24194849002782,86.35427960969464,12.580887918102153,1782,2126,0.791994543971047,1,0,1,0.8565825102995962,genuine
95.68812968165385,95.20669120109018,4.991607047732038,2450,2001,0.7104566396156494,0,0,1,0.7969770797942308,genuine
77.21447555823842,83.69838987323833,13.83647159939924,2863,2043,0.622721779152817,0,1,0,0.741267709591699,suspicious
70.16928740523741,90.39931689331551,9.104172809954223,732,669,0.6741296741317618,1,0,1,0.6476924003532678,suspicious
84.71364480067851,92.2034755039638,6.999707436295804,1495,964,0.729355123298985,0,1,1,0.7957993943129082,genuine
92.01460354529613,95.79670740143328,0.2370886895723019,2450,536,0.8127644846831611,1,1,0,0.583954050062707,genuine
93.3666468597402,60.60183473072493,35.37736712933861,2887,2010,0.7671099851225927,1,1,1,0.5970389969811202,suspicious
76.45365574729728,75.81558680978284,15.619028073136,1137,1813,0.6268930864097708,1,1,1,0.46787348573219584,suspicious
73.03809104821394,88.03027500385292,14.607745830327515,2909,1986,0.710204889130489,1,1,1,0.46731252135828316,genuine
75.02162158505745,74.72514137091937,28.670478589760343,2517,607,0.7179721562377536,1,0,0,0.8692809236423582,suspicious
78.16217254816202,87.08705527553789,4.941922471988004,1100,1008,0.7309780851997363,0,1,0,0.7128828204998015,suspicious
64.72098428084315,86.1112625935972,27.24793698548586,2539,1688,0.693622776654768,1,1,1,0.7017550757492284,suspicious
82.3624162197254,76.29590097722864,12.789783930849428,1944,1054,0.5522601471769575,1,0,0,0.3859725061264298,suspicious
88.62656988258264,85.37221369841428,6.033122475626779,2611,927,0.7426204422660139,0,0,1,0.7576849467995808,suspicious
84.63140672451294,83.38001388776163,16.24492540463546,2576,2078,0.8299406511410267,0,0,1,0.7733624776904869,suspicious
83.39071959822516,95.40263865503171,6.538957839489408,1005,1362,0.7113980281884013,0,0,1,0.7393057137665662,suspicious
85.35159846953968,75.19170913280203,19.10892472896857,2273,1736,0.6627599381124236,0,1,1,0.708322614271714,suspicious
86.92049284241797,75.59086192733429,24.03461117033959,1645,1790,0.7438589031016264,0,1,1,0.7451879620050252,suspicious
73.39375167572487,91.59009699588073,8.075837550612523,2401,1512,0.7046491059197867,0,1,1,0.7958074873572323,suspicious
85.0870462425442,82.00371449955182,27.957408107837182,843,1732,0.7152993324596232,1,1,0,0.39608302584721194,suspicious
89.30898218017293,65.23495372927852,25.701206777929734,1152,2116,0.8910816752534129,1,1,1,0.38368644726642137,suspicious
83.82367996263997,70.26506859429605,16.31974320317436,1074,1298,0.7434358515471312,1,0,0,0.7645480500880053,suspicious
63.20112077760073,82.44834019721831,9.301779774054335,2796,1957,0.5446975050582464,1,0,0,0.6694728529828583,suspicious
78.22165942736545,94.81580616181446,7.18741605074581,1417,520,0.6303197066477896,1,1,0,0.7689521064841847,genuine
91.74320627390361,81.9146871154975,16.965646469964874,1089,534,0.8335636819293147,1,1,0,0.5555187634626639,suspicious
91.19159570554531,65.2941263742209,27.47473744275872,2336,1105,0.6818543886235517,1,1,0,0.44585609408216853,suspicious
93.53767757731472,87.05868400592152,3.759461991062846,2112,1298,0.9978511584603584,1,1,1,0.8395874512239537,genuine
76.58599418224338,81.47218175142956,21.656400526036172,2091,994,0.7357248409022275,1,1,1,0.8315941009020167,suspicious
87.04467792948986,98.06919779661594,15.00703624935599,2712,2013,0.8557611587430232,1,1,1,0.8802186612847616,genuine
85.44846502332194,83.3707528367351,12.676512625715697,2764,440,0.7837368782265354,1,0,0,0.7331546340125812,genuine
82.96122707657977,93.94374374369013,17.21642679424129,1399,600,0.8638328902295378,1,1,1,0.8267445627230662,genuine
97.77130171171562,88.71261647090316,14.52932962191674,2904,1532,0.6656671067482098,1,1,1,0.701256118571209,genuine
94.7967161055284,78.09604320557013,31.95877781834908,1880,530,0.7151571599813136,1,0,1,0.4803291365168827,suspicious
96.83526090883315,74.65865599382892,22.31451663860813,2723,752,0.8988068764532252,1,1,1,0.42689354128139745,genuine
70.86774422566342,82.02617008393227,14.436593967460949,2226,1947,0.7857521556236828,0,1,0,0.8139813650467602,suspicious
68.3348556644611,69.4276171342192,28.82609578019303,701,1869,0.5189230425602956,1,1,0,0.551470002028924,suspicious
90.00825554159826,88.85106657073594,5.326605076573134,2822,1800,0.6616908341638513,0,1,1,0.7680568806752841,genuine
90.3799872904329,75.16973085145264,21.47252357642799,1945,1019,0.7887959874778036,0,0,1,0.6266486966088828,suspicious
93.08206994957469,97.29336340430041,11.344992573114034,1620,701,0.8870998566831979,0,1,0,0.8097258059032184,genuine
97.28377061681913,77.18099174051913,22.85082938464255,1352,973,0.837087578534869,0,1,1,0.6588415461094259,suspicious
89.93080019596569,82.89757674614481,12.610113833889546,2008,726,0.7870238170635789,1,0,1,0.746868864891006,genuine
79.48948208214438,87.7597164947738,10.583121787607265,2804,829,0.5879325208822884,1,1,1,0.6099711905306298,suspicious
78.60052355987295,89.79968175925929,12.953976149668039,854,1899,0.7054017964105924,1,0,1,0.8602863867066751,genuine
97.70137696072551,62.12553150862291,33.476977637061935,1060,840,0.7723006965371403,1,0,1,0.4084762773299555,suspicious
91.42489945583031,83.94896385961134,17.288727787191217,663,776,0.7602750399908696,1,1,1,0.7003272204069091,genuine
95.07457749268178,72.62014724837336,22.910956301657336,993,860,0.6460360476718701,0,1,1,0.43900222092021646,suspicious
66.32924083926335,88.92415511765606,2.5350711856928285,553,659,0.7002293759153349,1,1,1,0.6913975371279755,genuine
94.88530580520292,88.4008653117674,4.043280969531918,1026,1956,0.9070176495402784,1,1,1,0.6280272093831979,genuine
71.35390265003106,87.2842695357547,12.764965201598553,1691,2034,0.6184394762090304,0,1,0,0.7011799214525297,suspicious
89.5630512311773,81.82148357906486,19.454103252264815,2570,761,0.7718358132998909,1,1,0,0.742819993995696,genuine
85.2963855098846,79.32641172254085,20.41874477619823,1864,1849,0.7129896118001213,1,1,1,0.6437376421292479,genuine
71.11934841283698,98.3108742350305,0.0,1063,886,0.6690775689557954,1,0,1,1.0,genuine
88.11798843968481,89.3401733513922,6.936698403577446,715,1127,0.8355706290849735,1,1,1,0.8102317220830806,genuine
71.69480581711058,81.71701040790143,5.492291543370122,2717,2199,0.711694279987543,1,1,0,0.6263216851148087,suspicious
83.542735545907,67.86520156741727,14.361098067203251,952,1527,0.798672484001942,1,1,1,0.5325889365783208,suspicious
76.83182994530165,86.5776903327708,10.63708735270693,2419,1857,0.8001654420782088,1,1,0,0.7379530299235859,genuine
74.97875104294783,66.7850770669406,34.418286752710515,1166,1175,0.640580086988792,1,1,0,0.6187994457947951,suspicious
92.936896819287,84.27049550026445,12.495756379735354,2077,1518,1.0,1,1,1,0.5260777163190993,genuine
90.28932332043082,85.38273256742836,24.319898576544578,2729,894,0.9243335896276728,1,0,1,0.7594603453763599,genuine
82.7413300034107,81.93254044127937,12.401866870830435,2779,1722,0.6899988012046689,1,0,0,0.5104893398698547,suspicious
82.09769234690292,87.42009110903898,9.65345212524904,748,2177,0.7623131309548433,1,1,0,0.7641427067361309,genuine
78.19946190795712,78.4563590464888,9.220682477999361,1778,681,0.5455723336781798,0,0,1,0.7596625202285238,suspicious
93.71263970705856,95.7483681118324,0.7580160327660774,1724,1382,0.8506836890016167,1,1,1,0.8019547667194471,genuine
80.52902820074148,88.35708055129511,0.40262195119279554,2700,883,0.8782269656883264,1,1,1,0.427767215057703,genuine
90.94701563456249,84.44945265234381,0.8455495207534351,2473,1548,1.0,1,1,1,0.4617130842952569,genuine
82.12441248687128,82.8704847162552,4.636617475590917,861,1221,0.7312826103661334,1,0,1,0.730489925024805,suspicious
74.78512717695739,81.34994123855978,14.584469700842499,2676,1135,0.716268770549263,0,0,0,0.3563481587331947,suspicious
80.6127215030709,75.36089918380024,13.32238165050052,1408,1100,0.7608099000414119,0,1,1,0.6760724249475807,suspicious
67.95299958907901,96.33502799397876,0.0,2233,1301,0.8409083530358329,1,1,0,0.8888593664195211,genuine
80.53965619609005,90.60383862821567,9.916215016910883,946,771,0.6713794148053208,1,0,0,0.8610520931810595,suspicious
89.2143689412496,65.49014037004501,15.040806114815938,1164,918,0.9560597929407837,1,1,1,0.4949440949689161,genuine
91.26967725188065,85.02735776330037,11.796734088791784,680,526,0.780455545604055,0,1,1,0.7328395234040329,genuine
87.99419563767196,75.3658816479344,24.41211681590252,803,1173,0.6667646606510609,1,1,1,0.627994070816809,suspicious
66.75319286060103,95.26454942810857,10.093504366475557,2830,1502,0.6468362308503797,1,1,0,0.5853765443789798,suspicious
76.48473390521403,90.4215778759934,10.799785941278312,894,1530,0.6584363146181649,0,1,0,0.812774870903819,suspicious
62.70428264464043,75.34809278935384,18.12365451663654,2060,778,0.6294885244935577,1,0,1,0.7696419531634549,suspicious
93.39545764457802,94.14216936576321,0.027200700338262607,2426,1862,0.7102343670934508,0,1,1,0.8358654287398812,genuine
73.09162929632092,92.57633707182468,4.991235923448299,692,1149,0.7178676361505202,1,1,0,0.6802745992184733,genuine
88.57565103321586,95.82201486254604,14.707731448553691,1241,1844,0.8684142840205171,0,1,0,0.8553700773987696,genuine
84.26442030156777,80.75567537774992,16.34470688451602,1700,1877,0.8682346398053302,1,1,1,0.8017611771284365,genuine
85.50661705512869,83.31388271705734,11.766414869937162,1345,420,0.8185262046605497,1,1,1,0.806459568841855,genuine
82.06618050334866,91.37744039895183,10.412769075366969,2702,484,0.8755757325890132,1,1,1,0.8542440999578663,genuine
86.86669399896716,85.3064482519169,11.368233553063446,938,1363,0.7294462178064205,1,0,1,0.4914284091811521,suspicious
87.28784161068955,91.37455165572212,8.049636912961178,2312,1909,0.8273425701083189,1,1,0,0.7787821724019739,genuine
77.9710462065043,77.86821691765594,14.871817228638259,1587,1072,0.5231441830795299,1,0,0,0.700423202236325,suspicious
73.87883886087664,89.88866726579089,4.678935272133902,1470,1499,0.6958150840519698,0,1,1,0.843748493090859,genuine
84.95594137650629,89.65199558564326,14.733005132143482,1336,1493,0.8072837105041665,1,1,1,0.7790908373756721,genuine
89.14226350816683,80.04486451019415,1.3139037846054453,2191,1773,0.8177154774866575,0,1,1,0.8265930806556756,genuine
79.24854456980455,89.95887503840909,10.881055878430981,1392,1987,0.6140865535851665,1,0,1,0.5003296387125231,suspicious
83.88994664886509,72.52236367956745,17.270956334815537,2071,1424,0.6953772895444881,1,1,0,0.6471808947102478,suspicious
73.60293135992481,83.11127639941031,0.0,584,1795,0.6661364047694384,1,1,1,0.7223698642187001,genuine
84.3467145641374,86.4559509152782,3.3357708563744506,1186,1484,0.730067514249141,1,1,1,0.7999736556361072,genuine
76.55382883245798,95.99008688718709,2.755112209524601,1656,995,0.7955755723601087,1,1,0,0.9529755683305997,genuine
97.40904941091001,92.49556243247343,6.3386827798376615,1048,1427,0.8470515324842298,1,1,1,0.6333707550296387,genuine
71.5992007611791,81.63530620021925,18.953551538429686,779,1731,0.6774292272960982,0,1,1,0.8341072786254892,suspicious
92.38709706036776,78.4497864432716,21.81878780936092,1051,2011,0.7574710290590636,1,0,1,0.7253858161778163,suspicious
73.76921979077342,84.77948176781275,0.5883839315498864,1839,582,0.7766345884067659,1,1,1,0.6557760393023069,genuine
89.33464806844574,82.5885224922715,15.701133235256112,2893,1003,0.8782852535807603,1,1,1,0.5516528567458562,genuine
86.90769988875459,83.16068796809748,17.7292918378863,2173,630,0.7481344296420324,1,0,1,0.6888431957496899,suspicious
88.12680779270995,76.13083207349601,19.434334291402436,2762,708,0.9911984694925344,1,1,0,0.6433278970446376,suspicious
88.66981591726284,96.36170373327838,6.2458125964882845,1865,806,0.7559398389767612,1,1,0,0.8118361166651055,genuine
73.26715600604098,94.48084436727515,0.0,575,2024,0.7930143780678749,1,1,1,0.6806128107665725,genuine
86.9731728201076,95.76204505119196,0.0,866,1119,0.7286506819916898,1,1,1,0.8392170129724719,genuine
62.866974645757594,48.48684538184483,48.1971949802912,2399,2055,0.5916943885130677,0,0,0,0.3392299919579955,suspicious
71.36836834186667,87.15213850941227,7.677937862950736,2041,1319,0.7373750599729785,1,1,1,0.8432061710371003,genuine
77.78470157125773,88.03677888171546,24.534143241864243,2603,434,0.6447534580293189,1,1,1,0.9095190288654519,genuine
91.50564884254746,86.50297316864925,1.1738132424413905,1532,1116,0.8005959132377366,0,1,1,0.5945119320679038,genuine
78.36499727549969,92.86367345761695,16.298650594714864,2834,1708,0.8909508216439531,1,1,1,0.7500961922704795,genuine
68.78259154064084,66.09286299434984,21.155413463345106,1398,1530,0.5471748768801905,1,0,0,0.6454025439910144,suspicious
78.16130605578272,94.43078977504625,10.213959549353822,2601,1063,0.776274742769641,1,1,1,0.7885518649786496,genuine
96.68569833239664,78.14408066420685,14.32426259340221,872,623,0.8506559517238934,0,0,1,0.46284970070272113,suspicious
75.40018213098611,93.52530003635844,5.665772008068111,1629,1764,0.7205317975768277,1,1,0,0.8519781703674064,genuine
86.19547306705032,85.3318684099847,15.169901844439238,2986,1339,0.6351098149575203,0,1,0,0.6099622679670811,suspicious
97.23145151517105,88.29727696314966,4.483569447558667,2489,1824,0.9190376300015506,1,1,1,0.7304345126230579,genuine
98.98793417546372,94.26008849359596,9.91267839392658,1482,890,0.8800010959239777,1,1,1,0.6347954555899078,genuine
92.41763668037595,82.90055781297649,10.963465413217012,2744,682,0.8962736867711019,1,1,1,0.7585560394514225,genuine
97.73094093549616,85.17791982552676,12.36290966685074,1641,1056,0.8667365640607674,1,0,1,0.6308983307226115,genuine
83.78471037660464,86.19342595957231,0.0,2859,830,0.7652417208746151,0,0,1,0.7975986892862283,suspicious
97.89457271972958,82.74900435762828,10.576899810813533,736,1316,0.8729905161833026,0,1,1,0.6362062595561564,genuine
77.86894162173945,77.13794467617308,25.991335411331693,2567,1302,0.619990517076259,0,1,1,0.5593555869753498,suspicious
94.8197551313269,68.45649545008149,28.520368722269794,2189,638,0.9121181451603229,0,1,0,0.5971202524334177,suspicious
77.90789588437931,88.93230243394345,14.506592474948485,943,1242,0.6986989319105638,1,1,0,0.5825335545017932,suspicious
95.37790919103718,93.04307150285928,5.590920117885489,1206,1099,0.8235591657570832,1,1,1,0.9601325515326677,genuine
88.66285713485553,83.72619696847217,23.939273793883373,2544,1335,0.8890077691778965,1,1,1,0.6920838506831829,suspicious
73.02675063229154,72.20699553811716,22.863824362393515,2351,1770,0.6749787435957263,1,0,0,0.5097047147721939,suspicious
59.88349590661906,88.29148757695191,4.160683741827432,975,1220,0.5910554397917205,1,1,1,0.6584110270331109,suspicious
73.34166198252477,68.62441048150143,29.517678264627204,667,899,0.6813874365744289,1,0,1,0.5511040374463175,suspicious
94.03293915722381,94.80313572933908,10.355836719414565,1292,2027,0.8983006701354317,1,1,1,0.877924403623421,genuine
80.27356077720844,81.18038541586067,18.52184951147666,1242,1776,0.7152619384520088,1,1,0,0.5421009880090594,suspicious
69.51242704608336,83.46275968403425,9.582393024730928,2064,2130,0.7342740818108082,1,1,1,0.6234480271517822,suspicious
92.3781297264959,57.48966840172618,33.85305390319469,2364,815,0.6425376646536762,0,1,1,0.4539760882427793,suspicious
95.9138693658465,74.81288826370522,28.643607829219192,1190,1507,0.8314171546616589,1,1,0,0.7835997183837602,suspicious
76.0825409207071,92.15926488716399,9.223401296100674,1490,1758,0.7889562529350148,1,1,0,0.8571713925796683,genuine
92.49378365951549,75.48925553495494,8.038720591938464,966,2008,0.8396763410203034,1,0,1,0.7947346066657339,suspicious
62.443577801926125,77.36426043437324,12.57545868693348,585,750,0.4200099501845178,0,0,1,0.6226383279916958,suspicious
81.21457832924303,95.43026319886721,0.0,2785,854,0.7563430126942733,1,1,1,0.9353726738527752,genuine
82.88247771400114,88.25686545583542,3.527087024958192,2474,2113,0.6622553157785654,1,1,1,0.8581281346418239,genuine
82.5056993547908,87.66289932594447,0.0,2475,1419,0.8583060304679605,1,0,1,0.7849146079402111,genuine
61.67438229761683,66.96488165300198,38.01038145473974,2914,676,0.5370417769072846,0,1,0,0.6289589150573807,suspicious
93.30857604123942,86.93458738405022,3.6650461708955753,600,747,0.9178185209313657,1,1,1,0.6241279037364595,genuine
88.0234805137784,79.11864409861718,10.033378759236024,1441,2200,0.6725857262458937,1,0,0,0.8523456343986294,suspicious
89.31864607277048,69.25411877250713,9.467451735196281,2357,2018,0.7849579191294925,0,1,0,0.5246152857886063,suspicious
83.09133511139635,92.60117940684432,11.614118337722298,2054,812,0.7722318749055629,1,1,0,0.8079735515293287,genuine
83.3954437500418,69.80058438141342,22.013507743714875,2464,1395,0.9376973861332569,1,1,1,0.6396084639121529,suspicious
78.95968489896956,73.37200648286725,17.51459990226927,1432,1679,0.7909021830607225,0,1,1,0.4224149690662833,suspicious
93.85506209288917,58.44861566808343,29.07752878180691,730,1203,0.845290184371652,1,1,1,0.461457201284194,suspicious
78.84511376871238,91.29423392148703,10.643955304753419,1888,949,0.9029534436581461,1,1,1,0.7547588672151901,genuine
95.68916671163605,90.91883859253647,3.4507204808720235,2350,1661,0.8719780874082407,1,0,1,0.7137445598527494,genuine
89.26314684450803,89.19103414370815,0.0,2347,548,0.7952275389647022,1,1,0,0.7088201261325072,genuine
79.7677381652707,97.15217813223718,0.0,938,773,0.7442888330259916,1,1,0,0.9563395898073761,genuine
84.8606272845351,96.08978156181239,0.0,2082,444,0.8180438638677016,1,1,1,0.6694615838521984,genuine
84.68688889638051,95.2358079877652,5.5003688990502155,2081,2004,0.5669444883406243,1,1,0,0.6096356273563421,genuine
81.29819284566248,90.70443772282444,13.48180499161371,1287,665,0.7553854444205378,1,1,1,0.6552565466760278,genuine
77.7778449590272,86.06792865368355,20.70969291882839,1150,1965,0.7388691368386812,0,1,1,0.7778530593178482,suspicious
78.96998242202949,72.89099603567644,8.887492052367238,988,1134,0.683064337641354,1,0,1,0.6841292228780594,suspicious
88.56912664318179,97.64731990241758,6.10640071895492,774,588,0.6973450209671721,0,1,0,0.8538994816758908,genuine
84.28529363182005,85.01822455901528,6.930833235307588,1861,1444,0.7484130431286262,1,0,0,0.7895631772043175,suspicious
87.35648968562565,92.28122289806423,26.253289371160626,1285,972,0.6758243034608135,1,1,1,0.7689744970920113,genuine
90.87242203848406,85.48914467673622,20.5680204070065,2149,1261,0.9462942241017245,1,1,1,0.6217514880783792,genuine
73.87048390243532,87.97877425086321,20.929187196794018,1973,2161,0.6795170650355411,1,0,0,0.5904114022808742,suspicious
83.44138910807047,90.62389023677328,12.649161064146519,1936,1535,0.6039124305394916,1,1,1,0.5735369346993923,genuine
81.70771831717568,97.40771871537426,4.617428338795666,2910,431,0.7580985897244774,1,0,1,0.7520011945814906,genuine
56.916827313050334,90.31848461355426,4.443055744906866,820,572,0.6673874599876941,1,1,1,0.8171491153166962,suspicious
80.22785144516351,83.12948692680447,8.457639129120441,593,1788,0.7433909976317575,1,1,1,0.6934651710364429,genuine
83.50797078063263,76.27466034182152,12.193269134930333,1387,1618,0.6603799749418835,1,1,1,0.612950921119493,suspicious
96.25836187726493,82.43944021149785,17.493449447810626,561,1280,0.7775180979436125,1,1,1,0.5328704681144176,genuine
76.98485862760202,90.9960111173187,17.6758112561914,2362,1814,0.7049438292934808,1,1,1,1.0,genuine
65.97155820616962,83.38442206927941,9.964028562979065,1428,803,0.6021031092731015,1,0,1,0.568020310188557,suspicious
83.49907291465425,82.85559515926877,7.801861960667694,867,815,0.6491176705271962,1,0,0,0.6773182575675869,suspicious
98.19693740571942,94.97176658301518,0.0,707,1132,0.8703016897826901,1,1,1,0.8801362209847046,genuine
92.41078431185315,78.8249745464389,17.594110768925443,2709,1826,0.6910337956305321,0,1,1,0.6356795728104132,suspicious
82.68155378336233,91.99706527210758,14.607073413034954,1441,2169,0.843346350442713,0,1,1,0.6391438283083372,genuine
76.07081400056745,53.22012500743619,44.04019750346161,1666,850,0.7131990714342478,1,0,1,0.5228002528318577,suspicious
80.47706928749147,68.84850796152725,33.012690210652835,922,1513,0.614967225333844,1,1,0,0.3900414105174114,suspicious
89.0265512611981,91.30241448765466,9.431035425224696,2478,1199,0.7495971063698494,0,1,1,0.939465085930827,genuine
92.61957872950606,78.3841458130535,16.843211101519213,2345,1986,0.7641476154637232,1,1,1,0.6609412941880302,genuine
90.16714700601607,86.26035381349836,19.280500473979505,1352,1851,0.7992159165277256,1,0,0,0.659673669843451,suspicious
99.1344625469969,73.77358284942949,11.899384027859687,2627,711,0.8493557831536225,1,1,1,0.4202227882518391,genuine
83.27008588320852,90.36018981725435,4.143943151311751,1398,1637,0.8042002500513022,1,1,1,0.5846441152565649,genuine
68.99585293890013,68.36121531540186,35.70502507601956,2759,430,0.6545538313087593,1,0,1,0.5406385439626503,suspicious
78.27157905717516,84.68443921307454,3.9644319285536795,2918,1307,0.8447856061313119,0,1,1,0.904605204983755,genuine
84.54030198092795,96.26169491542876,2.5625218838440036,1657,880,0.7949953254167255,1,1,0,0.7980506416998596,genuine
95.06769813423051,70.6342216214369,26.4436480238764,1918,1065,0.6903270707737683,0,1,1,0.6067209233231963,suspicious
96.58508736268266,95.73260497407276,3.7794361567191794,2595,994,0.7384000655054406,1,1,1,0.8121936557757098,genuine
94.2095589564216,97.40395404625568,9.992957011646284,754,1415,0.9867349683309447,1,1,1,1.0,genuine
80.71626053138996,92.81657844297212,16.06731334966418,1693,1928,0.7974696090374662,0,1,1,0.6895657799650134,genuine
86.64065279197547,83.8605354838258,15.462248629084836,2895,1336,0.7893317683745489,0,1,1,0.8587404000408773,suspicious
77.39305300956266,87.92877794828283,18.78385561908987,1002,1959,0.7587977051269612,0,1,1,0.6556007332109055,genuine
86.13887501164234,92.78745622372921,0.0,1437,2149,0.8046928421255622,1,1,0,0.6578660971967532,genuine
92.36462848185624,84.82715671809045,10.276857818397119,2629,801,0.8470930891767008,0,1,1,0.6690639563518134,genuine
91.39447810390541,84.11443701864721,28.750510495503782,2276,1887,0.7745431267374334,1,0,1,0.662770272191886,suspicious
97.63412661976014,81.89992079843873,27.17557234937074,1724,791,0.9237873521955341,1,1,1,0.7226409800631154,genuine
81.22359291950366,75.58403798693797,9.373396988538541,821,609,0.6749242293769688,0,0,1,0.32579425262061595,suspicious
93.59161089264454,83.96420699136272,11.93750789691638,953,775,0.7459930188146427,1,0,0,0.6894568524711324,genuine
80.53823404326684,87.95964923481834,9.982785459549989,2639,1142,0.6081300731784086,1,0,0,0.6318275306080521,suspicious
91.94823279449241,89.6850369154485,10.65190224666878,1774,706,0.8028581287339349,1,1,1,0.6306059631423355,genuine
89.34952935744205,75.86208220714431,27.021736976605958,2898,1457,0.8718273512534472,0,1,0,0.4514033641962414,suspicious
85.55722007217946,70.79502884563001,34.77784194634191,753,1474,0.6965214911841658,1,0,1,0.5225837623006199,suspicious
86.62844684380214,74.89222992050841,19.09274078878421,1457,1670,0.6400316492872824,1,0,1,0.5371449913306925,suspicious
90.97780537757768,96.92046337184836,10.163553047526545,734,2041,0.8564431405014685,1,1,1,0.7241680083182241,genuine
88.04940294154827,97.23576032536684,6.610552337718171,861,719,0.7633250962315641,1,1,1,0.581253237210864,genuine
77.10540630878359,76.30983608945698,17.61970748682841,526,2165,0.8158210989289064,1,1,1,0.622256662099266,suspicious
77.67541374941166,87.26383360431865,0.0,1894,1896,0.8090175946150325,1,1,1,0.6031152178493293,genuine
70.96009976568385,85.78547050926285,17.79021245832621,1091,496,0.5740327411601396,1,0,1,0.49007951454142706,suspicious
90.06324659750774,67.1341067422023,28.885775928879042,904,1534,0.7393347909217947,1,1,0,0.4712934093469979,suspicious
79.45761684620521,78.67071121632279,18.72409119855132,2701,864,0.652729580055792,0,0,1,0.5364766310655515,suspicious
81.13958577204403,78.99596678445856,8.884163576553798,1605,521,0.6320568575929432,0,0,1,0.6369042030731497,suspicious
89.36234037420431,89.75125024652729,21.400523228013043,1852,1627,0.8007585787038616,1,1,1,0.650628747021996,genuine
89.08702953100294,82.2685648009826,14.36587957640508,2057,506,0.8501957250589632,1,1,1,0.48420365411645094,suspicious
91.90150977790906,95.21874471784785,0.0,1585,720,0.8288700923241519,1,1,1,0.6551475145615566,genuine
82.27095539520707,80.76124970343275,5.312820063794632,848,1635,0.6953722341956601,1,1,1,0.4388918062804802,genuine
84.2932521732824,71.67848116269525,25.983445931225866,1723,550,0.5506034207377863,0,0,1,0.7098832071278471,suspicious
85.62234799477044,68.37424389370712,28.670065257901612,2870,1760,0.674215646122208,1,1,1,0.7027373305829009,suspicious
76.36726346971795,92.766294101984,2.184208326985453,2215,447,0.7724473287239239,1,1,1,0.9124001031760649,genuine
91.03433699422,86.74890024436127,13.176700946041112,2264,959,0.7012401665422477,1,1,1,0.6232094883616228,genuine
83.00161047491038,66.85975756657558,29.52842622283205,1922,861,0.8092648314371569,0,1,0,0.6905312083542796,suspicious
81.83098912912737,90.50602217233316,8.099959917728572,1403,691,0.7114756958224214,0,1,1,0.7728879228767708,genuine
76.00335032042383,85.19291206046526,6.195928108040453,1669,1358,0.7225016428322859,1,0,1,0.5828846354336362,suspicious
92.57441047331072,86.71973854250328,16.689687737293603,1539,795,0.7866018819945321,0,1,1,0.6183356473117546,suspicious
81.68245732263968,98.38394674374132,7.075459115632355,1956,671,0.6827905002227762,1,1,1,0.766433887897187,genuine
58.8147399082029,95.28534906795427,7.509748479379811,2621,1106,0.6557328664530696,1,0,1,0.774576993004932,suspicious
88.54385715141404,82.62008019506362,7.198816716256458,536,1293,0.7342442557117055,0,1,1,0.7045091982186594,genuine
86.24686714867264,91.63226454532838,0.0,1690,1538,0.7230428047066361,1,1,1,0.7328437475299202,genuine
86.33929040625007,97.38362414311376,2.497949265505083,1166,553,0.6145725061836816,1,0,0,0.7372465144015553,suspicious
71.98925922438681,90.23546252262258,13.830400994334262,2968,738,0.7977337831293262,1,1,1,0.8841345860750776,genuine
66.20905559031726,94.99460033458686,11.036659915793145,865,490,0.6683372620382477,1,1,1,0.7463028955610546,genuine
81.58141147450527,94.7674758618743,8.015065942293873,655,1825,0.8557234152433761,1,0,1,0.7376164402132023,genuine
60.649632654616624,61.05535160566134,26.05530704895981,2257,1407,0.5964763838288405,1,1,0,0.4623703054541739,suspicious
69.95185612931124,94.4709420891788,0.0,1178,848,0.7793790135174907,1,1,0,0.7421834877997261,genuine
95.06123704841248,85.71866459233037,10.592933745775207,1047,1358,0.7870631170712823,1,1,1,0.5222585178650889,genuine
91.17823296382477,91.72275448853068,6.156246194560142,1796,1858,0.7121689515341035,1,1,1,0.6134103402645604,genuine
93.7162165181465,87.45411487355221,17.16048089722661,2823,1770,0.8888061245849423,1,1,0,0.9931513455098366,genuine
89.68832147953661,85.71091896618806,7.358810001111078,839,2064,0.8076672865257156,0,0,1,0.4876370683821619,suspicious
71.1265984702406,87.49669013990845,6.600937458698379,1848,814,0.6437553047727006,1,0,1,0.7325867202792711,suspicious
93.36997895981412,93.81346241330861,19.02484089192791,1390,695,0.9008555918914224,1,1,1,0.7916106449791525,genuine
83.22527835790697,60.26442739468271,40.66023510869613,966,1775,0.7162758254177254,1,0,0,0.6036422967240245,suspicious
76.77125357553535,62.97314894353193,21.59067520420242,1800,2052,0.7075610985305818,1,1,1,0.5477988719678719,suspicious
90.49465342824442,83.40380975008905,22.72840598006241,2905,715,0.7149332171944689,1,1,0,0.8941344758447545,genuine
86.08540273789244,78.24501505674243,8.46306648146079,1152,1670,0.8333769723978546,1,1,1,0.6547176224062385,suspicious
82.44041105800305,86.2787321609687,7.25253986860632,1046,1434,0.7511890481995857,1,1,1,0.8519724190896178,genuine
86.71230178927397,89.99662845664476,5.260824172777501,911,1997,0.8754111464935618,0,1,1,0.8447697172852373,genuine
93.33557493748813,91.97819474961082,5.473212578556048,2046,747,0.9140869896049606,1,1,1,0.9208643873808484,genuine
92.78665494954942,97.25142672091201,6.399724319699383,1171,1024,0.9011456633787425,1,0,1,0.780991915498722,genuine
95.35358988555421,88.47054506031223,9.392404432767298,1981,1518,0.8320846000155074,1,1,1,0.7555116212806525,genuine
92.92818323571954,91.18546646596799,10.913991631221588,706,1955,0.8887623950468081,1,1,1,0.6851825471990105,genuine
87.685463972207,89.92906741283592,4.740313402451314,2258,1886,0.8836410286417429,1,1,0,0.7386029702438199,genuine
91.21461428516893,81.0539216859592,16.82911710311234,990,1258,0.8440684262991739,1,1,1,0.6742298623106556,genuine
86.28970770737182,91.40458436252673,6.999329597452581,718,1066,0.8056023486647989,1,1,1,0.48194770224447875,genuine
81.89991446986242,91.09147483875962,0.0,652,741,0.8170260386960315,1,1,1,0.7115545860033502,genuine
81.78137863617732,92.79302521286799,8.786302551186477,2483,1123,0.7215051645336851,0,1,0,0.8491289286982875,genuine
88.75365691178663,80.27573870815453,15.465583548288096,2882,2194,0.8987072806838836,1,1,1,0.4801831997690814,genuine
80.16546799722974,84.01713865359413,6.989778941430016,1542,809,0.5965721978638046,1,0,1,0.553776111061231,suspicious
82.53904288272582,93.34604743813934,2.016569522389541,902,2107,0.7726211149979819,1,1,1,0.8854460558460707,genuine
75.14837385564832,84.39423690414984,8.902077108467962,2562,903,0.6669733888347835,1,1,1,0.8363292649386158,suspicious
90.53937161477022,79.39386250084272,13.740173803394157,503,624,0.7357192362819382,0,1,1,0.5606586626408048,suspicious
94.54478463334245,95.22291844250046,15.89551801254916,1298,1691,0.8770140762361737,1,1,1,0.7826615145139619,genuine
67.11165589232945,87.71567436977588,23.845025295544833,2894,1221,0.5654769007618224,0,0,1,0.6923591021343767,suspicious
92.27380510247303,88.34601639085908,0.0,1478,1717,0.9927993500246073,1,1,1,0.8480052464347377,genuine
98.04033032486294,96.48676388599334,6.052147863272103,2397,2176,0.7703106217609048,1,1,1,0.7078925377942282,genuine
85.89546417516941,92.42842889393353,12.363337909114184,1402,666,0.7132901475132674,1,1,0,0.6939898838084146,genuine
68.46710744797755,82.04453704678642,11.954059768822926,1167,1387,0.5664928500184307,1,0,1,0.8172483621778587,suspicious
92.82332219161962,74.99481310164109,25.250520767241824,1297,879,0.8067184763137372,1,1,1,0.4795588348973705,genuine
76.97557688393726,91.97665536756563,17.596682295315013,2698,1295,0.8114464166496925,1,1,1,0.6760581877146774,genuine
87.86216073066689,64.3774356948895,17.114029297544285,1621,861,0.7741281864218529,1,1,1,0.530967289138719,suspicious
77.26857516676199,94.75722365401269,4.8684154630654275,2679,751,0.8569263410929037,1,1,1,0.9409101668772156,genuine
96.41672243756751,86.51681894798189,23.809616028804975,2978,1334,0.7768192995801244,0,1,1,0.5489190716145229,genuine
75.49849758011688,94.88260387535163,0.0,2353,1155,0.780644460961295,1,0,0,0.6737903616099956,suspicious
78.32009396469387,83.05977737178736,11.898540583308652,1242,1780,0.692447123335273,0,1,1,0.7355843175738298,suspicious
76.61876715301459,76.83058971674959,14.23827677977915,1981,1297,0.7083443904669946,0,1,0,0.7042787139801334,suspicious
84.99947816038224,68.72911692823536,30.816411484381174,1428,1486,0.8130138877960909,1,1,0,0.5752196166680427,suspicious
81.20285894635998,87.55408543499087,17.67315755413089,1962,1686,0.6113221712775883,1,1,0,0.6864261393193661,suspicious
78.89309832580334,86.04728365298533,11.600828767265853,2263,498,0.8872040333303713,1,1,1,0.7039365577345434,genuine
86.80853986721763,85.48731266273228,11.109980581322066,2923,1210,0.7663542709442841,0,1,1,0.5030263146911534,genuine
92.70155594289379,92.82989510791941,0.0,2457,1344,0.7061046508224018,0,1,0,0.754809804590156,genuine
74.29817484420084,73.96970616947118,29.483738020908838,1663,1543,0.6124346007178286,0,1,1,0.7696123978677833,suspicious
84.95103082382344,89.42594313368028,5.458378442241533,2671,471,0.7839309767543378,1,1,0,0.5569897526525175,genuine
88.7361617519432,81.2717478196605,13.049913726060169,2522,582,0.7245183371409705,0,1,1,0.5560878666150466,suspicious
92.47057397637553,81.30066286040312,20.825701473034595,1224,1929,0.6404789519568471,1,0,0,0.6027798294681708,suspicious
98.01439803763459,88.28858693346456,10.166757528277593,781,1775,0.8655589795225039,1,1,1,0.6662375338481522,genuine
96.27617628530085,78.22410410642456,23.358815573062028,1547,1157,0.7636154410379983,1,1,0,0.8467566257154195,genuine
87.90474829336463,80.03643390460424,19.196545523305147,2252,405,0.8235631448431956,1,1,1,0.5284625692824237,suspicious
70.11425167594345,78.91643603785485,17.23918239745903,1109,866,0.5675627371456015,1,1,1,0.495526111262206,suspicious
93.83087231832506,70.63044435858693,24.200265830351434,2974,1556,0.9673991450873033,1,0,1,0.657572158258523,suspicious
90.57594780826393,70.60967501931106,14.183334509481835,2927,1625,0.8063581746005799,1,1,1,0.4872546127727589,genuine
72.62754010291124,83.11747815355913,11.61903047833515,524,1888,0.6956162615270397,0,1,0,0.7594607815351496,suspicious
95.12802937200317,89.10260762347835,15.761373631903655,1499,1394,0.8909385832990979,1,1,1,0.6891734436852658,genuine
74.99847605601609,90.74943662554145,0.6474421640999815,1145,1780,0.5686426990628497,1,0,1,0.7810778775117337,suspicious
86.00719964034623,90.78680123755628,1.9029665209459417,2675,824,0.7462571522370451,1,0,1,0.5381491669263518,genuine
78.81556773415497,83.87083010956073,5.939507406175962,2463,665,0.8646199272031557,1,1,1,0.7256454098261257,genuine
83.41947007551629,76.58062752644307,18.63819353351007,2178,1004,0.7080675090553398,1,0,1,0.6387805949798386,suspicious
78.78803816928308,95.36266899846298,13.295700220550216,2335,1920,0.7455028552104733,1,1,0,0.7322556665822932,suspicious
83.64240580262373,97.27175747967691,5.876301850888767,2495,1996,0.7495350728419382,1,0,1,0.6302454512168651,genuine
89.74925479845467,76.13524846598841,2.65982559149068,2336,542,0.8908689223652744,1,1,0,0.6351022145403127,suspicious
93.55537108659624,80.56622556127155,19.115705830032542,2173,752,0.7899547319741181,1,0,0,0.7314153294081247,suspicious
90.97504303498786,72.35694394050634,17.63766166251356,2957,519,0.6720833154796823,1,0,1,0.5151171077410972,suspicious
84.4255584127648,92.53293301564361,9.16597670559961,1872,1775,0.986403672026199,1,1,1,0.6788846328319142,genuine
70.27520693001406,72.13641250581037,19.851189393297126,739,1881,0.5271280011096364,1,0,1,0.6723579574000003,suspicious
83.72311711030231,67.51045592307574,18.34396216402205,1563,2069,0.7051859826676549,1,1,1,0.7453101819413432,suspicious
64.41861175230547,92.39670017484626,5.202173727369262,2188,728,0.5823691825659078,0,1,1,0.8519278956016795,suspicious
87.09265092299873,84.18522779589365,8.7707884504556,2687,1334,0.7204372140412195,1,1,0,0.7010174408251115,suspicious
76.18860466221295,86.39415043613086,12.358391810456288,2103,1205,0.6264247106653797,0,0,1,0.6619661061943777,suspicious
85.33929163480042,67.59809606251835,18.09939262425946,1200,2158,0.6805012629089727,0,1,1,0.5374846536909463,suspicious
77.31118588618926,97.79154009996904,0.0,1014,2086,0.8257242186808864,1,1,1,0.6232733534577832,genuine
91.75963178251328,67.717294274456,29.336602226495664,2599,1907,0.6135719444937681,0,1,1,0.5232120834675154,suspicious
95.69541933981881,76.58004905646777,25.326839717214177,1032,776,0.9143349549543471,1,1,1,0.7470265373667224,genuine
86.5626526421049,98.21291539886808,5.400718001264336,567,1001,0.8952613760070901,1,1,1,0.7904595061121101,genuine
75.96076920831487,92.42969968202695,1.136315395769377,2126,1805,0.7655439884997665,0,1,0,0.6643776185509606,suspicious
92.53482535201188,80.26134188772483,9.623504039091051,1802,1496,0.8122233577130118,1,1,1,0.5559309169480784,genuine
89.27960151669201,84.28781482757672,7.006714247073257,2136,1452,0.8131680822733227,1,1,1,0.6704905741551482,genuine
78.11394304419846,89.74590309010573,13.923337190673712,1653,535,0.8459783819346989,1,1,1,0.5698108036409242,genuine
88.53317466851274,78.85518764128409,10.08326726204633,2000,1130,0.6329408256901954,0,1,1,0.521814938114024,suspicious
77.57882469044537,89.5990766304509,13.988976094567837,1376,2156,0.7864432272508393,1,1,1,0.900730714852106,suspicious
87.97336099908861,77.2572007829329,21.515421515002604,1655,1227,0.705276092189316,1,1,1,0.49372554930010415,suspicious
78.31969098466345,91.60958037685072,14.956903588098225,922,1990,0.8041617441149226,0,0,1,0.6366918471820567,suspicious
72.3382440083565,87.68374809117577,16.67926048453476,2218,1138,0.640319928679073,1,1,0,0.7364305289205293,suspicious
90.72170712283815,91.6141657910305,10.087964732695873,1981,1926,0.8752761077076452,1,1,0,0.6799016154802164,genuine
96.15001013578821,78.69087529714798,5.701075243571518,1305,1889,0.6978234273206134,1,0,1,0.6401630750426948,suspicious
91.41108954646161,96.88418042174634,6.607763314688598,1928,1520,0.7009766593896261,1,0,1,0.8786185316586386,genuine
85.53388449037693,82.14141121965002,14.20225532948899,1089,1865,0.752278750004289,1,1,1,0.47148166403824915,suspicious
90.37603458041255,88.70696286880977,5.857001676977506,2336,486,0.924054034045336,1,1,1,0.8001652693239076,genuine
91.4119069422826,69.27771058054833,32.57728679873031,1989,1072,0.8102744252698281,0,1,1,0.4843349161220428,suspicious
81.27625818514184,79.20323936644203,14.538220788600384,2135,560,0.7686329336372538,1,1,1,0.5992967417434307,suspicious
80.88133049048955,94.0053046674708,0.7898790807487126,2043,1655,0.8295574149375808,1,1,1,0.9826934640658275,genuine
90.3947344269819,77.29951976302254,24.893753353221857,2602,926,0.749056459934342,1,1,1,0.4500813184831284,suspicious
93.3342351362868,95.74892929360033,0.35265419785512186,2531,1357,0.8949047604707405,1,1,1,0.836875759816717,genuine
97.24399733724746,72.88620903454341,16.278890679733593,1185,1917,0.7679276674038338,1,1,1,0.7184532010923695,genuine
71.66793126253559,79.98659353763266,7.11997613113876,1540,1747,0.6406868433742496,1,0,0,0.5578690643913793,suspicious
76.58945234839715,95.4335140105118,0.0,1864,1600,0.7212272647713571,0,1,0,0.6833406543436773,suspicious
78.48086891750467,90.29497810997435,2.138041033440585,2411,490,0.6922208764733263,1,0,1,0.6781196772000846,genuine
92.78994961196344,86.88961987355815,14.18011775103956,599,1509,0.8150746785564857,0,1,0,0.6123822473799329,suspicious
92.99798061463076,88.00947949049187,1.859384244667261,2795,1005,0.8041459247828449,0,0,1,0.7120523554144205,genuine
83.78135540803828,78.79406156598587,2.8995816941978063,1288,2182,0.6849507655465153,1,0,0,0.7374652215439931,suspicious
89.50390513610114,75.33011319208819,20.625023709864273,1564,1004,0.758852529591488,1,1,1,0.5590528592823834,suspicious
88.56299977920048,82.41742437967173,8.749272670096154,1158,1749,0.7941243465456085,0,1,0,0.7707659171897304,suspicious
90.60782834640419,82.52358355991282,12.993443904931777,1856,1474,0.7072706999879427,1,1,1,0.8283099388304128,genuine
90.55704785334328,93.90656844135498,13.54698549934739,1180,1004,0.8567837449831706,1,1,1,0.8029796729736888,genuine
94.49122870208637,78.50536622020043,16.621788557960333,2776,773,0.7709619925945684,1,1,1,0.6911009571348573,genuine
91.65495089990047,87.27070016332307,20.114322685467585,1295,867,0.8297902332195927,1,1,1,0.6268910527492217,genuine
90.62945644335117,91.62514583559181,5.804112526082094,1250,1357,0.7649305522706292,0,0,1,0.41824513177862743,suspicious
88.78825459936309,77.14004888378396,24.193658706657597,548,1995,0.8540134093721476,1,1,0,0.6874049516468914,suspicious
83.9770947369361,78.7004523707767,12.142670097307446,2307,2164,0.8190915035585506,1,1,1,0.7251807538017738,genuine
88.77464300205625,60.85774308662785,30.110527237728103,2792,966,0.645228435447235,1,0,1,0.5159552633894396,suspicious
91.17769767164789,84.49812125087198,5.095633043502824,1943,478,0.8459002715850077,1,1,1,0.7851572659072247,genuine
94.14535079252408,83.05938889681981,7.006064576625384,2772,797,0.9352949769971214,1,1,1,0.5986835344447053,genuine
90.50372170605125,88.80678454915761,6.822246580774367,1535,1306,0.7344368554909158,1,1,0,0.7726761419676105,genuine
72.70554052371999,71.63812600007763,11.971667117996427,2233,1123,0.5821649796557266,0,1,0,0.7497622721717434,suspicious
77.83974858503971,86.72389182426103,11.072600933976288,2661,649,0.7815728515069553,1,1,1,0.7736712837570318,genuine
84.91654154585025,86.23631856337656,8.20344120210575,2350,711,0.6629740384277536,0,1,0,0.8510212411504507,suspicious
94.2460159672261,67.84448999076926,25.758692024741688,891,1448,0.7200092933645236,0,0,0,0.7046547020015115,suspicious
92.5729891698731,79.48647706602702,6.192805308801157,2927,880,0.71926740349688,1,1,0,0.4893256874621411,suspicious
82.85525261935621,91.2845263916047,11.448731380854113,588,833,0.8265692015880921,0,1,1,0.816577940303857,genuine
81.40424417164161,90.57278442393208,18.95370734035069,792,1078,0.7001651674729205,1,1,1,0.6487477294922059,genuine
75.70729793381162,77.13608299571645,27.553669448004186,1018,2025,0.6621693716729271,1,0,0,0.4841906560984315,suspicious
94.38384724694112,94.56540088114322,17.40329504588683,2301,1918,0.7900425702103814,1,1,1,0.7222446900564774,genuine
86.26187673068236,80.62825847840598,14.825823103277488,2691,972,0.8541539250021597,1,1,1,0.8555251528588388,genuine
91.16344129314948,94.16833134867538,1.9074565151372704,1849,1782,0.759232240094435,0,1,1,0.6880906373189435,genuine
89.7534710728601,92.07417276648908,9.357455204223445,1359,2125,0.7009749894378687,0,1,1,0.5256074111713928,genuine
74.84389846755381,93.41021848844144,3.274797749530742,1648,905,0.6042674974056029,1,1,0,0.5739287759524484,genuine
88.53886192148275,78.90098304244069,3.64120267441133,2210,407,0.8282478308625262,0,1,1,0.6886133881673683,genuine
85.45807788618815,87.63955439264652,15.005430801573644,1042,816,0.835845602361614,1,1,1,0.6100574017461495,genuine
55.03271628479365,94.0886310165682,2.7927135805443353,1077,1898,0.6928185979887075,1,1,1,0.5075267234369434,suspicious
78.01470966631996,78.35195419407995,5.964564924226083,1233,591,0.602097632987299,0,1,0,0.45820212205095,suspicious
74.17363668311557,80.07401422134352,11.386513477203174,1727,871,0.6638167024663141,1,0,0,0.6606223076726563,suspicious
91.33913873244661,92.03137298576145,4.494849193176388,2339,2117,1.0,1,1,1,0.8297892615261799,genuine
71.59124643421062,89.17897261044874,8.198598169824086,1807,763,0.6641052041493719,1,0,1,0.6599459083230578,suspicious
94.5269780340685,64.90748520523132,26.48630107701918,738,1262,0.7316213795995445,1,1,1,0.5971373408041533,suspicious
76.0378483537512,72.85223359981728,29.943963015798694,1113,1992,0.6746958206607606,1,1,0,0.6926094283461497,suspicious
84.4913991067994,77.09710992005847,8.15738413602934,612,1925,0.7843329308782561,1,1,1,0.5227316232908927,genuine
93.70288206485016,68.29234012382867,22.71573569682774,1468,948,0.8208582414113146,1,1,1,0.5317924137818572,suspicious
89.37927171532957,77.07207205921466,11.043199057549522,1765,850,0.7244909485079286,1,1,1,0.5445187511461945,suspicious
85.14773229486056,89.08663614821693,16.97820064754079,1154,1451,0.7293740271390676,1,1,0,0.777358688547326,suspicious
87.67408105875867,90.6902940376494,3.0521007269235683,611,981,0.7728904573226111,0,0,0,0.652054282999289,suspicious
78.60259116460699,69.3865915061644,20.55324750777594,751,1726,0.6259763898336903,1,1,1,0.40951146697004337,suspicious
87.48144334730006,91.03309405705528,14.073047014738188,2226,1618,0.6974310707940853,1,1,1,0.7345751458230185,genuine
88.02106703934382,96.29194947381804,12.054461651743573,1579,1154,0.957502930930958,1,1,1,0.9035769912011774,genuine
65.18004561186454,62.73923009593146,38.25394219321454,2925,1137,0.5479644025788926,1,1,0,0.5631825714031211,suspicious
83.855201240519,93.49881307671247,0.0,1909,582,0.7507863869250221,1,1,1,0.868810735760958,genuine
92.18790257683796,62.12975200296494,31.783084716592604,1262,1649,0.7290188184542493,1,0,0,0.6073205852373461,suspicious
85.64238406514396,93.09739143289386,7.067775038031469,725,2061,0.7829781749782604,1,0,1,0.7498369606721247,genuine
88.96343550461756,76.42610705091207,17.32183669298895,2342,1977,0.8041083799694768,0,0,1,0.5397102772033966,suspicious
82.78644629659303,95.11175178646853,4.132162937841757,1395,1566,0.7386759361013543,1,1,1,0.6565264588842707,genuine
78.51441206879693,89.16860595436164,17.123963106937346,1991,1710,0.8244134756836043,1,1,1,0.5229558937036106,genuine
83.49683979068857,81.64090627412577,21.03944488371799,1657,2007,0.7946569946639758,1,1,1,0.7958731967067684,genuine
86.68683467810835,81.6679675790964,20.027416902269717,704,794,0.752362455505508,1,1,1,0.6136711305504624,genuine
90.99450162633067,74.58680442503895,20.508296070597993,2832,1782,0.7246325017540324,1,1,1,0.3921219782507651,genuine
87.38460126195048,81.8048212553509,29.54051950740157,796,586,0.859306084220566,1,1,0,0.802557596271327,genuine
91.01892880518841,93.98126745727629,1.7096894991269465,2026,1793,0.8136128308576068,1,1,1,0.7631621739094783,genuine
79.04576810364034,70.42613296139363,10.868670360483822,859,794,0.5904427250488256,0,0,1,0.6795413801761756,suspicious
75.19317600573171,86.37843592676005,8.359464950954779,2856,1462,0.7863868957177227,1,0,1,0.6596424856673214,suspicious
84.29169990938779,78.84565750316561,16.26992108661547,1209,403,0.6869039172958776,0,0,1,0.5355724110318869,suspicious
76.15798070333298,82.71790725684774,22.083858241389187,1811,411,0.7713017047804458,1,1,1,0.7152331183429543,genuine
90.86178186669244,84.09953133081375,8.348505057276736,695,1569,0.5997089968435019,0,0,0,0.7362324525950952,suspicious
71.44095800300916,85.8538647059442,14.048211988745363,2508,1989,0.6495078878851588,1,1,1,0.6532428242139895,genuine
84.53383234991648,75.53273769065191,8.009736811357559,1061,598,0.8310992425599707,0,1,0,0.7618852688113904,suspicious
92.53565148466875,84.64172665147296,19.088630331910153,740,1896,0.8134965096867293,1,1,1,0.7905901173136486,genuine
92.37617783995283,69.81024123462022,23.120554975226216,1207,1759,0.8228215820574531,1,1,1,0.626253609216864,genuine
92.51593634390419,85.9138137169363,8.60074721174503,1911,1709,0.7439836615903362,1,1,1,0.5541138517492699,genuine
75.88586333257926,70.08916361390206,37.35469425820317,1318,891,0.6962974388415217,0,0,1,0.41061022585775797,suspicious
80.16688690854721,76.84804956438987,24.85331238397834,1382,1981,0.7135050701757801,1,1,1,0.7586665067080955,suspicious
77.5132426595194,69.21586579999664,15.809207500202533,689,1497,0.6963424669923622,1,0,0,0.2911255759487423,suspicious
82.21951552044084,90.48794531441776,6.368298591594508,2321,731,0.9237891065014447,0,1,1,0.7129860367012083,genuine
88.15520178858675,86.50022020402814,29.279071627009127,1358,1989,0.8936265330763624,1,1,1,0.7095990833940343,genuine
93.99942406611484,62.99549601151384,41.60509549715322,2694,907,0.8318444640689532,1,0,1,0.44519838513406873,suspicious
91.80357163479967,88.56143547095041,15.039665308776568,1504,1296,0.882496335575974,1,1,0,0.7042529346557378,genuine
94.42583798770116,96.37740065168758,0.0,2281,682,0.7819789795916666,1,0,0,0.8214548555109819,genuine
92.82607018501989,90.09742147629038,16.751985796642625,1287,1102,0.790914682982059,0,1,1,0.6503128834157232,genuine
88.08776645062689,78.34519152880067,11.794810214021583,720,1564,0.6458269216863834,1,1,1,0.7325307694798769,genuine
91.51109709227698,72.4408649037062,29.93397686148046,2099,2018,0.6743574643685749,0,0,1,0.6494239833844098,suspicious
79.91050818732909,98.44721751232396,0.0,2053,1189,0.6946136410258221,1,1,0,0.7659827074100839,genuine
97.42126218438838,89.41289297636335,11.362137091335388,2946,1512,0.8544404700314442,0,1,1,0.6161313861889116,genuine
87.7340128311604,75.42017857007647,13.952887687519047,2360,584,0.66082083404271,1,1,1,0.5924821236895083,genuine
91.68172539547187,67.19098038457602,22.06380255172182,2076,830,0.7607750511050457,1,1,1,0.7908082704553986,genuine
95.41108095340735,86.8443671456968,14.22210109348309,574,1436,0.8249605834112754,1,1,1,0.6038634909725565,genuine
94.401297373628,85.5067330178164,1.6376612732727338,2566,474,0.7366369625026352,0,0,1,0.8677475511690707,suspicious
71.99031510565021,90.52191072270008,23.71549319653193,924,1010,0.8162887741559121,0,0,1,0.5135535001785224,suspicious
84.23454864655528,88.32246013150387,1.5676046308878142,2329,507,0.6623686603999973,1,0,1,0.6032853338655089,suspicious
87.42526267304758,78.34156026323066,8.66177822018696,2201,1283,0.8535040931341301,1,1,1,0.5616169179264081,genuine
66.90378659661778,98.6673159469558,5.375449415283521,2512,873,0.5012008049950929,0,1,0,0.9032291752797771,suspicious
76.72564911792158,85.25757822702525,20.100404286089056,1287,870,0.7004820077481809,1,1,0,0.6887034844818926,suspicious
90.58597994674619,87.45848078576667,7.140220044599266,1742,1231,0.7116450849749905,1,1,1,0.8568764287571251,genuine
90.62098342462052,89.92738619935398,0.05417582853679992,655,690,0.7614984803508189,1,0,1,0.6795020216505627,genuine
73.48402666267421,76.31552394377991,11.30670468135062,1391,1767,0.8132473396097581,1,1,0,0.6040610181250257,suspicious
79.419710794104,66.70254707002955,17.76295270048492,2724,1211,0.6552270788716816,1,1,0,0.4941786133841802,suspicious
91.49464598337954,93.89747778554579,6.734149072231405,1004,2025,0.7410949895903441,1,1,0,0.9943479760207963,genuine
72.84383411204246,92.85544732260371,4.86851166746495,2881,807,0.7446344094238457,0,0,1,0.6084146069807987,suspicious
80.34305270719207,73.45726402125948,22.88788024639261,627,512,0.6774132493671907,0,1,1,0.5266744792487053,suspicious
93.03028209447245,88.71081248515934,11.020976629382428,1434,1129,0.838530918228955,1,1,0,0.5923310238060202,genuine
87.197619033539,86.69630908512028,15.747954204448803,1445,589,0.7103689319237316,1,1,1,0.7623679692065972,genuine
86.01649310207254,89.70930310312556,4.848414533569916,2983,1088,0.7141631483562679,1,1,1,0.5807532539784134,genuine
90.61288656254743,92.2181654881049,0.6689427118003604,1858,1789,0.7565147122317794,0,1,0,0.9564028995558347,genuine
96.11010479814956,82.36669659696548,14.319036030848787,2642,2093,0.8945070740773253,0,1,1,0.6686151590117584,genuine
89.68786923952132,77.45053359572913,16.527169737403998,2625,1224,0.7584511038569552,1,1,1,0.6690898774300476,genuine
80.79517786093244,88.27399698731686,10.565166360029252,1890,736,0.6619928290797517,0,1,0,0.7617642757183113,suspicious
82.54751809358723,83.93404059365241,7.067478967577085,2307,1097,0.7593395265806573,1,0,1,0.6690652146709043,suspicious
71.84876775571504,64.89628824868163,30.823304839656025,2368,915,0.6356160726873472,0,0,1,0.5337700297508082,suspicious
80.39103494374223,57.684584806802064,23.487948442872984,1759,617,0.7126414129946358,0,0,1,0.4716444314169828,suspicious
95.29171438150874,94.27360562849864,1.2121031628591528,2841,1826,0.8165360589009235,1,1,1,0.8164980212093326,genuine
89.34129346200888,91.09474754689671,14.582228672691901,1577,1716,0.8022495555030922,1,0,1,0.6300736924062986,genuine
72.06407899876254,76.28804267726133,9.864763278894253,2319,932,0.6928709109149788,1,0,1,0.49125498170489357,suspicious
93.94822333470317,91.17657530444441,13.969269841281857,1380,1274,0.7578566479506323,1,1,1,0.827928771929704,genuine
93.54413593084433,88.08401646352523,0.0,1344,1264,0.8991447536741703,1,1,1,0.7044419968992722,genuine
72.6830269342726,88.69218772532602,0.0,1402,1175,0.6954856346425057,1,1,1,0.46876322669781256,genuine
79.4316181378764,85.90729655665534,0.11249176232586322,982,1772,0.6429927342401671,1,0,0,0.6302355653273146,suspicious
74.19326210052739,84.68648429831565,12.302779946982017,2523,1657,0.6052986299321398,1,1,1,0.861088791597018,suspicious
98.62520469207034,85.62539387793322,15.88812484465058,1579,407,0.8471754299182673,1,1,0,0.6657578978789424,genuine
82.73753092319298,96.16905168563568,11.921369962996762,2178,803,0.734198515382519,1,0,1,0.7056334550791848,suspicious
85.03632270740093,67.80003404684493,32.6400697648238,966,2122,0.7826047124719449,1,0,1,0.3630250124539363,suspicious
83.89591618850994,70.1262453884172,28.444206053142914,2213,1145,0.697698915695248,1,1,1,0.49287024183171235,suspicious
88.81621279943612,76.88432608023021,11.514271276822605,553,1233,0.7937599235074791,1,0,0,0.4754241946332767,suspicious
75.78561484410471,91.41165515420477,0.5577338966270977,2121,1771,0.6532459450590322,0,1,1,0.7827977905621643,genuine
77.40103426050527,75.25542929982554,24.0729742757676,1640,1767,0.6894056178544435,1,0,1,0.6079585633397375,suspicious
89.54781475941257,97.62602201721165,11.729642566912077,801,1418,0.9313687266266977,1,1,1,0.7373926253560614,genuine
83.13740690016856,92.38118443926919,0.0,1323,2058,0.7594958425827013,0,1,1,0.6475833375008208,genuine
82.90123992942569,91.9523363309355,15.093743127522126,602,1462,0.7245017672543522,1,1,1,0.9187915496337912,genuine
90.28199885779175,86.1653527037911,0.0,738,1979,0.7331419783336377,1,0,1,0.6046848370864721,genuine
95.91222011486667,86.42578081237042,12.910140048269447,2533,1218,0.8379922403869844,0,1,1,0.6072144005157791,genuine
90.34233004359999,92.86320469334903,4.6259456055570425,2679,796,0.9321283384680684,1,1,0,0.7137494726782182,genuine
82.07385544235382,94.4191701508199,2.7562941730262462,2566,599,0.6604404313852281,1,1,0,0.7429790924352317,genuine
87.88276033882312,90.89905525683268,7.044606472273345,807,1399,0.7944921654401081,1,1,0,0.785037998200774,genuine
94.12623631821353,88.95919797077339,2.3044902112299415,1962,2005,0.6971087785474972,0,1,1,0.8233269548159067,genuine
75.91757297318719,98.18061184715137,4.487087825524254,2076,1139,0.7060819771162813,1,1,1,0.888113677509026,genuine
82.52612864982783,60.228330226619555,30.2534316955846,1363,1708,0.7080122109074477,0,0,1,0.7734139639483508,suspicious
87.33127045869796,95.48765590545584,9.9314384472646,1923,1358,0.6799423913377404,1,1,0,0.5607563688384146,suspicious
89.82685493019059,84.77560334478682,22.55103026804477,1179,1852,0.7602288016642511,1,1,0,0.7059069862796312,suspicious
95.34532684688945,71.26352762718176,22.440772668570602,2948,1804,0.8211450003674111,1,1,1,0.5076474010865673,suspicious
79.77672965255903,83.17649932484542,6.886596944096721,1117,1656,0.736981038361062,0,1,1,0.9065831788348889,genuine
92.01439406052687,91.10734227935654,0.0,1134,1038,0.8529785784695021,1,1,1,0.7499311551542351,genuine
84.23385515766718,78.33978409743814,28.132924654040153,2418,1141,0.665401787835119,0,1,1,0.38315761483899197,suspicious
86.96477163354623,86.1754679870206,21.361009944176203,1088,1259,0.8039183018870658,1,1,1,0.7415093972335437,genuine
86.89084846694621,72.85539890622518,26.570052093713123,2753,1880,0.6989283541774728,0,1,1,0.6148630839602796,suspicious
76.37388644326853,73.17274317542415,20.53941993331793,2068,1494,0.7364844677121926,0,1,1,0.6763114433558423,suspicious
80.00906485113356,88.1272921153433,14.610689835581809,2761,708,0.555525044646803,1,1,1,0.6181946363765378,suspicious
68.76865437175077,79.19207118245326,24.73720428057762,1896,887,0.6218076811011429,1,1,1,0.6728758416203406,suspicious
89.60121987084989,70.90139784817629,17.498252774031457,2910,961,0.7675715913675618,1,1,0,0.5347528159127306,suspicious
91.06367998120065,78.57246564757732,16.27921788003409,2530,1492,0.8962996480418087,1,1,0,0.5480162987370534,suspicious
82.88701545534805,95.85179161669065,0.0,2516,1778,0.7853388425995893,1,0,0,0.8079411953491702,genuine
81.22094750263031,87.39534102110935,8.550062854776366,932,668,0.7614873714542743,0,0,0,0.717496891357011,suspicious
92.38639045139182,87.0491702553168,20.523037134029565,2506,1702,0.8481736818509682,1,1,1,0.8223997452070246,genuine
90.25510670247326,90.94424104761578,14.341653733259033,1251,1519,0.9142657722290087,1,1,1,0.7307926027614117,genuine
91.25428140656656,55.22528768865674,34.52608184337711,2581,772,0.7006644953902341,1,1,1,0.5142706116147324,suspicious
82.7165333352778,76.67585617043295,0.0,512,657,0.6170990275551744,0,1,1,0.4685148242942848,suspicious
92.44962826027053,90.70857932281886,2.3780170598249937,650,664,0.7001302499088478,0,1,0,0.8930106946131431,genuine
88.25266119761785,66.57182541202108,25.78797269504692,2304,1796,0.7932074821313769,0,0,1,0.43931052264978154,suspicious
84.5343677753364,69.57722117445606,21.305690181385216,662,824,0.7412730030154772,1,1,0,0.664969430096723,suspicious
82.04818985189692,73.78466837358422,19.890906788830005,1313,749,0.6972675074427337,1,1,1,0.6218515972358095,genuine
86.80404390417098,78.86535930744863,17.54910996811503,1659,1152,0.7145021267192009,0,1,1,0.6472817222014848,suspicious
83.81806343690147,96.57122884357334,0.0,1090,1563,0.8007121008518023,1,1,0,0.8638112801470946,genuine
79.66703907521747,82.87802891358604,12.788761666132078,2347,1196,0.7418086844116311,0,1,0,0.4062264280270948,suspicious
93.72795443330988,95.15515601866633,2.5875292758323436,2012,1446,0.8855059785071914,1,0,1,0.6924183294328892,genuine
89.49739621924068,70.9615496726635,16.856419071943865,2137,1060,0.6704435951719212,1,1,1,0.6572279466866874,suspicious
92.41211559296411,87.30353763316218,22.446710409268416,1129,1166,0.6777931501270896,1,1,1,0.9290794757516603,genuine
63.81390117919496,88.96142995251995,4.9437176440923665,554,1453,0.5641117822494635,0,1,0,0.7087684534217209,suspicious
91.21202421433483,67.94596413822921,8.261062407346266,641,1562,0.6546527589924174,1,0,0,0.2510522093959079,suspicious
84.54163265537557,78.9870673454933,28.242560511481933,1126,1728,0.634754205863228,0,1,1,0.5938302616826705,suspicious
90.71216481298583,79.7507830337261,9.262980833153357,1090,1924,0.9145849368194907,1,1,0,0.6307882813739245,suspicious
66.43473311846341,97.65693933132401,8.056653945515253,2034,992,0.49460795572159044,0,0,1,0.9143906379407635,suspicious
79.42454650595894,52.25918847659793,31.03940363950146,2625,616,0.6844839002646392,0,0,0,0.4238746716419138,suspicious
84.12216648053885,54.96405682903466,37.761904327373855,1206,567,0.7567640813562224,0,1,1,0.28650544029249825,suspicious
84.4601443348223,94.91750970585679,3.474836200640982,1989,1618,0.8652818831681672,1,1,0,0.8749596634443195,genuine
85.50063727254246,72.16458388978583,27.878877943856377,2796,1175,0.758344163380685,1,1,1,0.645514689629562,suspicious
92.60438970853383,68.16765840532287,22.37832652787534,1678,1138,0.877940454779075,1,1,1,0.46145002643519484,suspicious
80.71954828428998,86.47994345143486,5.552803058422038,1013,1721,0.8835489009501667,0,1,0,0.7782242600648854,genuine
83.07885212199015,76.91406334180925,19.11359145691656,1729,1613,0.7081192132200522,1,1,1,0.5497187861833449,suspicious
77.1211325748714,64.28310008832425,24.110232813487656,659,2046,0.6977928479799822,1,0,1,0.4784798354907626,suspicious
88.82820295553856,80.25537186660698,1.3042611262529071,2993,1975,0.8800852754658901,1,1,0,0.5784803749460762,genuine
90.92080518675508,83.99985117423094,7.789606511822183,2783,1750,0.7320281186952076,0,1,0,0.6348058719765153,suspicious
89.07085499160291,95.34207925924223,23.57482338774644,578,1575,0.7977231230566507,0,1,1,0.8715478656053155,genuine
88.67901251577878,52.95803898998344,22.531860509729214,1163,2015,0.6587429530051765,1,1,1,0.20937006413541534,suspicious
89.85502885849596,76.54646013900157,19.27750365689535,903,687,0.8123020760307315,0,0,1,0.7448672023563878,suspicious
87.16377588482484,99.0416431985582,0.0,2688,2120,0.6623207109809844,1,0,1,0.8134921278190819,genuine
93.68523906822999,92.66608929612718,18.35537229417329,2664,1149,0.9555494355409484,1,1,1,0.694518472473448,genuine
76.76368359364626,85.10977372563822,3.390401506191874,1356,847,0.7544421028208508,0,1,1,0.6833697601958114,suspicious
71.28207865470534,87.61619910545173,9.996974724872713,1837,1389,0.7295693027392145,0,1,1,0.591852477243239,suspicious
79.69799627219254,81.67254398691657,18.54897579683349,2121,2010,0.5331532036475144,0,0,0,0.45757353275509527,suspicious
95.80223118527542,72.22327011137126,19.577484728957952,2988,628,0.7200615504867691,0,1,0,0.47209277188106297,suspicious
72.57760254789675,87.82556761690759,3.757952906311832,2555,712,0.8105558692197884,0,1,1,0.4751458237972155,suspicious
97.664651690134,96.96814605723331,2.1185172886793233,2210,1559,0.8630481314955233,0,1,0,0.6134281093694803,genuine
77.71013930051315,96.03644369612702,0.8061935208684154,1637,1604,0.607281901672226,0,0,1,0.5735613614062481,suspicious
84.72608150381534,73.6693409996521,17.561876745989338,2309,1684,0.7526226549041445,1,1,1,0.7362129881140214,genuine
84.43570774685367,92.64763236592626,12.029262151436832,2110,2017,0.8347838295803158,1,1,0,0.5870757212593622,suspicious
91.20839301038485,91.38913905212475,9.278792793817125,1949,1773,0.8638467926062767,1,1,0,0.7261635499926574,genuine
89.42160953930876,93.33622139788154,8.860202092788944,1029,1862,0.8025485983317192,1,1,1,0.8806981714343072,genuine
81.83133437711561,81.13084769400385,16.463937509327568,543,615,0.8255758801713315,1,1,1,0.7510574423218926,genuine
93.96912486350656,83.10398272396574,19.39117575410012,1795,1042,0.7623983095531065,1,0,1,0.6294155348094318,genuine
96.96505868545893,67.3815519140187,33.59365396850377,2770,1669,0.841933883826836,1,1,1,0.5041832604187929,suspicious
91.42122962346218,85.60341658892936,8.79044491192839,2986,1876,0.8190479455021107,1,0,1,0.7064454229818327,genuine
85.32244520775035,71.56887953035589,27.059622693352008,1808,1059,0.7228711850402929,1,1,1,0.8260184247873344,suspicious
87.32205045543593,87.69779833972792,0.15333317618997988,2918,1447,0.7565180842223272,1,0,1,0.7511480535714464,genuine
81.5470845377375,92.04373564999537,0.0,522,780,0.7326779971502825,1,1,1,0.8165362750976185,genuine
76.87187684696119,71.23238957359727,34.360543057419775,2555,1959,0.6803284467379156,1,1,0,0.8418267328937741,suspicious
70.25011442999605,86.44719107196812,7.831097614389503,1024,1344,0.649326057606384,0,1,1,0.724916692540261,suspicious
84.13518084465407,77.01896289757332,19.003087706561146,1392,571,0.7980716756843699,0,0,1,0.7538947771429491,suspicious
80.42101479215111,92.21008020445966,0.0,1376,1431,0.710382971360615,0,1,0,0.7950076726779136,suspicious
93.5235161830318,79.97410095693357,6.120018287113226,1062,876,0.9333013873692249,1,1,1,0.695371717111727,genuine
93.50397685974797,77.06511728249359,12.210554797171941,1215,1222,0.7539851613150158,0,1,0,0.5009202681986931,suspicious
83.13884144302489,87.45740278058311,13.90723202331495,1865,1025,0.8326524388146084,1,1,0,0.5641609718150452,suspicious
81.76591343431699,82.33073482733174,9.636149275213882,569,1914,0.8143626236790855,1,1,0,0.597167903767031,genuine
78.2444897637231,92.20751388827891,3.493831434481175,1041,1924,0.7523769414120398,1,1,0,0.8434923371373497,genuine
98.90779239316944,78.31022948245032,11.055750337027634,1200,680,0.8448170226806296,1,1,1,0.7266177744793192,genuine
74.71592202153042,93.2916371703802,13.191788747387184,717,983,0.6605652248091631,0,1,1,0.9063154509286881,suspicious
93.259517287649,83.85824870975739,18.1860235312704,2741,1133,0.7744667681726767,0,1,1,0.669533547503558,suspicious
79.38533198100126,88.19622875675793,5.463790698097931,1595,1939,0.7540779174587707,1,0,1,0.7700988598767687,genuine
94.13782489021428,77.82204906243518,21.422277060906183,1972,880,0.8028401365490614,0,0,0,0.6876158635586155,suspicious
72.6508918844319,77.9891183290274,14.791502238676326,1956,1662,0.7618503271506337,1,1,1,0.6110136411350391,suspicious
83.55321441901536,77.7757857082293,14.305316001195614,1317,487,0.7011681744942807,0,1,1,0.5836221247621527,suspicious
91.75106189555993,65.35448073907214,25.636164022805357,1175,2127,0.728242947292809,1,1,1,0.34463605558896016,suspicious
81.68281566435189,81.08069394833826,18.692117292873984,720,1010,0.6004615881160218,1,0,1,0.630341403843988,suspicious
84.5853723680892,58.73359711196916,24.704405561765157,2553,883,0.7481211422697555,1,0,1,0.4573887146289381,suspicious
69.12453246619567,95.12282467832873,7.174643814108064,2378,1693,0.7313740284816085,1,1,1,0.8971090781731377,genuine
69.1708836511602,99.00592159508896,18.230305615618175,2138,1501,0.7752920993997211,1,0,0,0.9400063951800176,suspicious
89.48849975214947,77.50813437456142,18.150747481565382,2296,1342,0.8581204858935915,0,1,1,0.6375506746729975,suspicious
89.19588330358404,90.84809504219315,7.113955361957205,2517,2076,0.8700092022349191,1,0,0,0.974390741830084,genuine
90.36246002157286,81.47081925192785,13.307711866897177,505,1154,0.8575223142674914,1,0,1,0.674564992127355,genuine
89.16229555503197,90.77914152723858,10.263125486253536,2179,1371,0.855308275954639,1,1,1,0.8501835703997692,genuine
92.77764029128971,97.1336346183765,0.0,2984,1254,0.9070162137207758,1,0,1,0.7650601817237099,genuine
89.77531102205117,91.49288409022918,18.287927075855414,2571,711,0.6649147948973972,1,1,0,0.595124977947126,suspicious
89.49855036358582,93.52745431197951,11.722717946143494,1164,962,0.7275759562027048,1,1,0,0.6971933187731992,genuine
77.39934164786621,83.9805271338441,7.502993549137826,1974,1486,0.6119915165754032,0,0,1,0.8487303341974872,suspicious
86.71775952894596,79.07765637098407,15.912588332606834,1156,620,0.8629734187418331,1,1,1,0.600917005304832,genuine
72.52896968889854,79.37865064871727,11.564574614639655,824,1716,0.6072481650082563,0,1,1,0.5790494259833742,suspicious
73.75077469241785,92.18726309650086,7.954197844868446,1252,1463,0.660019218734584,1,1,1,0.7370102007959971,genuine
71.14805470107913,93.8491826110302,5.04256908614588,1364,1569,0.6976178934117788,1,1,1,0.7040538103228754,genuine
65.35145502710147,80.33860118138023,16.346484005859274,2905,1868,0.5261366048599413,0,0,1,0.7859598972986082,suspicious
84.7210068036795,94.55956340566546,0.0,1671,1271,0.8175290350853368,1,0,1,0.9827310710750436,genuine
88.43521816187234,92.94086039481944,1.9235501618462703,2603,1821,0.636749852822474,0,0,1,0.744239070624237,suspicious
65.42439085739402,81.89797417647266,21.598924757946747,2887,1748,0.5358043018603224,1,0,1,0.7200384750795146,suspicious
80.00811538266754,79.7415166572718,11.457322994063173,2093,820,0.7353118366721496,1,1,0,0.7545571470798503,suspicious
82.66334458993371,91.18954097898173,0.0,1730,888,0.665954693660654,0,0,0,0.7425421068250243,suspicious
71.38206993464867,97.12084964829113,1.1049500675076798,1736,1182,0.8107146269869068,0,1,1,0.671617346675221,genuine
91.85976451118732,90.78402759679349,23.79241707563817,2463,571,0.8277508934053928,1,1,0,0.6771391081120908,genuine
95.46831237674509,64.56548135560281,32.51803262276919,1317,1394,0.8725233444427808,1,1,1,0.5659666051803166,genuine
81.7559466008484,75.30662178296421,14.431013021170315,1636,2043,0.7483135394311727,1,1,1,0.6497104353994391,suspicious
84.39272783046707,97.99312599178248,1.150943066431044,1337,1845,0.7925811642821045,1,1,1,0.5688823827003003,genuine
85.08183815463538,73.0391793326186,24.979631090486805,1147,1712,0.6559049239403306,1,1,0,0.5319189132562152,suspicious
76.33185361987927,98.87470057391737,0.0,1314,753,0.817675499827944,1,0,1,0.7025567553033771,genuine
81.15253273323613,86.20792639732012,4.351642237495355,747,1842,0.7783116514797586,1,1,0,0.7955384249665931,genuine
58.31238910226682,91.92206633347769,8.846878377199955,2657,638,0.7756075272028746,1,0,1,0.6515876186528606,suspicious
92.42892929556932,97.83817202375369,12.782776998861006,2674,1141,0.9116554999142805,0,1,1,0.7273677805326815,genuine
90.45271527367589,91.57191522052686,3.2458013128862424,2203,2077,0.7850801992273689,0,1,0,0.6730443459810841,genuine
97.1269369190034,67.49705518825306,35.346330216993174,2384,1770,0.8232214537722399,1,1,0,0.634936244757478,suspicious
78.39969567907286,80.52203485311401,9.328208692829278,1517,662,0.7446741472353741,1,0,1,0.7604375986254778,suspicious
79.8081071086633,88.6171789073387,0.0,1819,1340,0.8333323071734182,1,1,1,0.7681662573481666,genuine
88.77747517703911,97.03684295923262,7.42904366232499,2984,2181,0.9253952928775966,1,1,1,0.9090638756725088,genuine
73.21461697831552,68.05466904743278,27.741790815500735,640,1204,0.6330736591167996,1,0,1,0.6926871725792726,suspicious
92.01273747515933,97.61087822212548,6.945131317681292,943,1478,0.7448683028659118,1,0,0,0.5636499889433867,genuine
86.99416273079662,72.93447439842967,25.17887830569109,2563,1089,0.5994911542199973,1,0,0,0.6545051572169724,suspicious
79.86251061427463,87.6651364672831,10.593398030534305,691,1298,0.6471052033834709,1,1,1,0.6569452499704558,genuine
81.06996612602975,84.04580685754462,10.15393857469858,2442,1334,0.689727181301277,1,1,1,0.5215566462157818,suspicious
79.05791305397811,91.84937924074494,4.568146928129716,1420,740,0.8638467125119527,1,1,0,0.6964268961339167,genuine
78.64437769715092,92.42951179254922,2.455056343891376,2269,2097,0.8638226736214828,0,1,1,0.827139380289668,genuine
67.66147257833484,58.569838021276134,28.26988613879423,2955,1949,0.663036971144761,0,1,1,0.6431883785973831,suspicious
98.53894730545458,82.9720984509747,0.09368286095534195,1936,580,0.9463653135178498,1,1,1,0.5023648052865352,genuine
77.96311205329913,89.77969034792962,0.0,560,710,0.6746180353656408,1,0,1,0.7924474182090209,genuine
87.2093213300347,94.22914772331276,3.184190120633966,1816,1561,0.6812081961893803,1,0,1,0.9897086565356458,genuine
78.17685346641763,64.38784933909845,11.023044130932497,702,1122,0.5885968871705476,0,0,0,0.7347932327176301,suspicious
69.0315190695892,77.74367232788482,2.6373669929509056,2855,1623,0.48027856936453794,0,0,1,0.20755276659445354,suspicious
58.86149027734938,75.50440132966969,16.031723788515617,1353,486,0.482244269988106,1,1,1,0.8655008192576935,suspicious
93.65466187385574,95.10805418621173,2.7706429462061086,2891,1753,0.8060496795355584,1,1,1,0.8761893659229754,genuine
86.01620472886478,87.55782820039649,7.138141399484556,2969,440,0.791336195857996,1,1,1,0.4235766982639013,genuine
76.14458751328719,97.01243572267887,0.0,1301,754,0.7483074882218705,0,1,0,0.6842201691425032,genuine
92.42561531967704,92.45137921824312,16.52823214923515,1358,1713,0.7767240174228127,1,0,1,0.8905427231973069,genuine
93.25037385360147,59.19672923892043,20.54883839566364,2675,1026,0.7996350882191046,1,1,0,0.516808096056749,suspicious
75.63175333776175,69.3000035896366,17.297869814446408,2195,774,0.6112212309171815,0,1,1,0.4855253411419278,suspicious
79.30918280680615,66.96442083798317,15.944308477915976,1757,1990,0.6837243163904436,1,1,1,0.5436908959690836,suspicious
89.87733164208409,91.00825380987465,15.837025683940583,2660,1482,0.7229247108291836,1,0,1,0.7935763007068228,genuine
88.16342747027892,87.58717879553302,12.259556757633705,1143,918,0.8791236105091961,1,1,1,0.6311851552747706,genuine
89.33589889883153,84.03200859499769,8.663291705712023,2177,1702,0.7924301343647678,1,1,1,0.6570019800613427,genuine
93.79532705906117,90.84437265990157,3.061129233530659,1367,640,0.891086558811043,1,1,1,0.8343850340365352,genuine
66.21705690545942,90.07221951370582,8.702988003265126,724,1285,0.5582959477001698,1,0,1,0.6364794677978253,suspicious
75.95621374180051,92.15012026747766,0.0,1385,740,0.7380446236876043,1,0,0,0.5743623787626776,suspicious
52.50286762282686,91.05004229100051,9.37764409677344,871,1582,0.6146804432509847,1,1,0,0.6519228711533251,suspicious
96.22843257258327,75.85942392640773,14.264918193382522,2985,890,0.6516239865643154,1,0,0,0.5002059079133708,suspicious
92.99607948377366,89.11459645435937,11.801526932857605,1147,834,0.9207087679086953,1,1,1,0.6403327133140224,genuine
85.51585174190139,95.28933900953477,6.933053323255491,2831,861,0.6941224171172969,0,1,1,0.555019673872604,suspicious
83.02667823106347,94.95102685765605,0.0,2490,1872,0.7939229928825992,1,1,1,0.7878827336719931,genuine
89.24118465591168,71.30056451192267,7.155595981736145,1421,1960,0.9013353449896283,1,1,1,0.674516671725011,genuine
95.50578021309849,93.95294867988835,2.8075118209837218,2505,771,0.9320621840717156,1,0,1,0.6542162784582225,genuine
86.59305325612667,75.8306250455041,7.980719870147832,626,682,0.6332363752182427,1,0,1,0.5284086934044834,suspicious
82.23348447883149,75.89637193285417,18.62816385161297,925,1463,0.7100157707380919,1,0,1,0.5846845951847148,suspicious
86.3059542025895,87.51475074153886,7.5679338756859424,2503,1556,0.8784499597092962,0,1,1,0.5907613699918518,genuine
87.89060664148965,69.96897610596343,18.407303761368254,1448,1905,0.6808693821684572,1,0,1,0.6778057176142944,suspicious
78.48031522838474,88.76920048936948,0.0,882,1880,0.7032546708389819,0,1,1,0.6035142586942887,suspicious
71.63768964150967,75.77730780221344,26.474543401565523,849,1828,0.6240576612653892,0,1,0,0.5431105265422428,suspicious
91.07951358801303,77.67815111391383,13.565610600067275,2512,477,0.8318153301646656,0,1,1,0.5298330563141779,suspicious
88.64626696097778,89.77447212776798,24.14260195064692,1683,492,0.6776776012993163,0,0,1,0.8390930311936697,suspicious
62.30153328146929,83.41569332579991,12.682737271845632,1605,736,0.6635880170486531,0,0,1,0.6395960773948964,suspicious
90.65079826022932,78.82887212088028,18.339471441133433,1411,1061,0.7364784346811959,1,0,1,0.8698040913762991,genuine
82.03993760022658,66.98873303836129,25.032935581891582,736,1730,0.6998244666201843,1,1,1,0.5783616252331015,suspicious
89.14120286813743,70.54834312152305,24.479744767808942,2981,1935,0.7377989734794315,1,0,1,0.7033984988433069,suspicious
70.24228490782399,82.34841425150717,20.88750064279998,1041,1695,0.7104272347941827,1,0,1,0.6198746464423577,suspicious
67.52822759274437,70.48565017183898,29.865346686338864,1472,1932,0.61346439244974,1,0,1,0.4507707392328484,suspicious
83.99158187642442,93.91977014281771,0.0,2564,1070,0.8959794629369721,0,1,1,0.7473788575125865,genuine
72.74357572503686,97.42157515592017,7.92230043035571,625,1546,0.7955415050796932,1,1,0,0.6978873723713601,genuine
64.07952921758815,80.58788207781737,18.03906437176462,1968,644,0.5543608293132986,1,1,0,0.40487954346628996,suspicious
75.79648010546897,90.1141161148268,7.665658308656891,1801,595,0.8271862322655843,0,1,1,0.8425353063579362,genuine
87.37217414752467,77.25794174783769,29.044400153451758,2302,1887,0.7866164867388334,1,0,1,0.6219926950580406,suspicious
61.10022602115119,84.7466779866576,23.709359238519344,2768,1128,0.6226088318103984,0,0,1,0.5939371305665279,suspicious
95.48883581600211,88.09098234422716,15.263937131053545,746,1709,0.9087616128307613,1,0,1,0.74988045514718,genuine
91.49827569260418,80.85815720477238,10.551644182320533,1424,2131,0.7135922958094845,1,1,0,0.6524971727657699,suspicious
80.88972453415164,74.8961273123928,10.480522598992868,1409,1434,0.6026684659925532,1,0,1,0.768343902516903,suspicious
86.26599609437514,88.57351305014495,13.850666137558912,2547,591,0.7841580745865223,0,1,1,0.7605261156142811,suspicious
76.80701410576094,98.95905831851456,10.297441170969444,1632,1583,0.6981390905200363,1,1,0,0.7728421527796278,genuine
85.17523505425127,84.31263920061154,0.0,1542,1843,0.9303181115800278,0,1,1,0.7577124866809243,genuine
75.62208054716307,70.2222486308089,29.93737663969238,1179,895,0.605953319996397,1,0,1,0.5574622899231289,suspicious
84.3927695726995,97.1741813493425,0.3353052265290277,1921,1152,0.7947082434276179,1,0,0,0.7994533843583158,genuine
91.94389033659573,90.65313497612993,0.0,2053,1530,0.8396252824647953,1,0,1,0.8723650941515674,genuine
87.2137995159304,80.89442652872383,17.614953190066913,1756,1741,0.8676276959444135,1,1,1,0.5069267622834863,genuine
75.35434802164293,76.10058111761049,24.290270736109157,2038,726,0.6004898331711424,1,1,1,0.505211815326537,suspicious
81.06261281084312,81.89798474202209,11.11707084121138,2686,497,0.602686713208053,0,0,0,0.604861073287222,suspicious
97.03831068049018,91.25322860078155,0.0,2656,1548,0.9704368754987146,1,1,1,0.6972623669453074,genuine
70.40538572894454,89.82467339449477,19.616131442388834,1920,418,0.6886382014556836,1,0,1,0.8573820801088576,suspicious
89.13064956741556,86.47228410719313,5.465328015407838,2869,1214,0.8603093342668677,0,1,0,0.522014346960056,suspicious
73.22638907842344,81.61597461417215,21.90432526129946,1448,941,0.7485472445055564,1,1,1,0.6493878107920038,suspicious
86.46983922360282,92.14749112448773,0.0,554,1189,0.874823368825892,1,0,0,0.6710865561497191,suspicious
75.3033571548899,65.49974170676646,28.78722905350143,2418,1967,0.622992098306098,1,1,0,0.7280558256817127,suspicious
81.16298659793529,95.17898761561513,6.328309391898104,2423,2085,0.7135920694160492,1,1,1,0.8674936013664807,genuine
82.0192055706521,79.53063770222101,21.465933768896583,625,1624,0.5722508675890017,1,0,1,0.6648881748830531,suspicious
63.68249598436389,70.5583571882984,32.53211586141473,1324,1069,0.5107400020045461,0,0,1,0.6807279812587393,suspicious
97.87932963553564,82.41190542053755,7.495662953149031,1181,1501,0.8472174935237948,1,1,1,0.5009624527493127,genuine
86.11182644164798,81.4864119455663,17.53061444402104,1815,650,0.7073312022386851,0,1,1,0.8951918337005198,genuine
98.15151368583906,92.38535944745732,0.0,1216,2196,0.7776761686021122,0,1,1,0.6380604134864994,genuine
89.41300459908118,85.45118947161237,1.266203242982364,2359,1973,0.7988462283373643,1,1,0,0.834443508375089,genuine
80.09660599662335,82.88455581191005,8.788241070141865,1922,1025,0.8352746919767648,1,1,0,0.7292745727468315,genuine
86.10448490237034,92.51691777847756,8.4776025743852,2669,443,0.7864901791783467,1,1,1,0.7718543201956864,genuine
77.20514432744909,94.53444320399817,15.83724233801682,2586,1931,0.6475439788697678,1,1,0,0.9021024985513568,genuine
76.77498222627207,80.95432715691064,27.296873761154373,1249,454,0.8032171794761462,1,1,1,0.7672244603975245,suspicious
97.22814541070092,72.59299832693046,18.07101195127304,1885,597,0.7515360450780485,1,1,0,0.593629846907656,suspicious
88.67172883777083,92.02609442716117,8.119170389778931,2042,410,0.9247812113452648,1,1,1,0.685616919054432,genuine
89.63115538422583,71.46693684163648,28.00083562580609,1646,707,0.7402191643252851,1,1,0,0.5864989697137797,suspicious
73.79501576521959,62.72345510627767,33.315087489621135,2908,2053,0.6447266488460668,1,0,0,0.4894508435561405,suspicious
87.79731254453161,85.18935887856507,9.921783636066499,663,1261,0.9085273747837731,1,1,1,0.7239938176594899,genuine
89.20932477586207,96.43347223444319,3.207631089854155,2791,701,0.7128244984326098,1,1,1,0.8939385267684977,genuine
77.5253207529712,86.23861306011473,9.549773753045535,2926,2128,0.635502695802902,1,0,1,0.7461371232537239,suspicious
93.02717061189664,76.92550321950051,15.847254962143985,1415,1149,0.7708665300983569,1,1,1,0.6375883906992931,genuine
86.91575746937433,97.87722961998715,0.0,1239,1666,0.7984480653332833,1,1,1,0.704541807426814,genuine
89.91052565515005,93.26121482111958,4.2164794540784705,601,1380,1.0,1,1,1,0.7850485262096873,genuine
91.49731938605287,84.22752299035709,8.988659186208173,824,602,0.734256477725605,0,1,0,0.4703082181495357,suspicious
89.3352937002471,79.69666863462677,7.279574901220536,1084,1679,0.675581281065717,1,1,1,0.5418724531546185,genuine
88.96642107605633,72.84856343887427,26.401639402178112,2583,2119,0.6855363536607547,0,1,1,0.6555375863246143,suspicious
97.23000728793518,84.07947060945352,15.55420118029202,2432,2159,0.8607643675763335,1,1,1,0.7788582222241535,genuine
95.97660553085949,74.33757368759044,32.38297593648758,2726,1779,0.8490547312521793,1,1,1,0.5922209795524569,suspicious
90.32055030769821,81.73629916601028,16.284401767377393,1293,1608,0.7348573576048162,1,1,1,0.6780092546458525,genuine
80.5706081277147,87.12091637267491,6.74059167955223,1246,1726,0.7431941352402434,0,1,1,0.7413986693412845,genuine
94.76716602619098,89.23907204096832,3.685648309084441,2549,2145,0.9947004463966017,1,1,1,0.7956848913778383,genuine
76.88570424001617,88.22926074167489,9.159616915190538,1871,1393,0.7231437079631561,1,0,1,0.6816649883470218,suspicious
88.04608457624424,77.12551651456754,21.025988757703516,645,2032,0.7907925428922201,1,1,1,0.4990488752448368,suspicious
85.16349051145059,70.7412964526136,20.231053431208558,2459,1108,0.8815349865458523,1,1,1,0.6123912955001571,genuine
92.00741983521667,80.71243571209052,4.173870936170916,739,970,0.7439872610212273,1,1,1,0.8806961133580515,genuine
90.21055499921916,70.83175409853742,16.70311223819014,554,597,0.7023752952550876,1,1,1,0.4559596915150849,suspicious
67.84626107757524,59.36583081300769,30.60180200092744,2814,1232,0.5518407060089586,0,1,0,0.45969704829416613,suspicious
69.03846473702635,76.77928344564813,22.597523034499943,2968,1516,0.5984653879961461,0,0,1,0.5678846949962644,suspicious
84.51261068479559,64.60730477475352,16.143755086953036,2270,1134,0.5651691824004612,0,1,1,0.8064422436619558,suspicious
73.81865551216643,56.02722447735532,34.8351657963352,1310,629,0.6309288534621535,0,1,1,0.3329307438447425,suspicious
95.56407291119316,95.30705703272048,5.067543937263458,911,1193,0.8767894206846575,1,1,1,0.7432014981853852,genuine
92.38779616588339,73.13967273018935,16.984209985300083,1699,1462,0.7685011729171585,1,1,1,0.541355037592618,suspicious
63.835048173056535,86.02701852814968,6.371280569129983,1796,612,0.6497930268719618,1,1,1,0.5376945469965634,suspicious
86.81150665346689,89.01044397679235,3.0879008277600715,626,1371,0.8074496103935116,1,0,1,0.5550444707444142,genuine
65.19664783862171,93.0761896171429,6.178501910700148,2156,1087,0.5511765274396349,0,1,0,0.81281552521431,suspicious
96.85227405072257,75.35313665535791,26.37287814771603,617,1474,0.84101381873743,1,1,0,0.6878634419456283,suspicious
80.1852870443264,90.48409473348636,15.521420376322014,1729,410,0.7920955689203765,1,0,0,0.6567327406985222,suspicious
91.03001263984686,96.52547223635162,0.0,779,1889,0.7052406455738373,0,1,1,0.9412833461927299,genuine
94.64827765756341,94.43893069637784,2.861954713034289,621,1118,0.9683604133046103,1,1,1,0.485413871533214,genuine
87.9747374121084,76.82911811905234,2.02359279448509,1303,1140,0.665044884243947,1,1,1,0.4636162721498176,genuine
92.25785454483977,96.26096321911584,3.5685677628113206,1971,599,0.7492694131421356,0,1,1,0.6711212319954563,genuine
98.15187986423959,94.13626689518578,8.581335269528642,2804,1186,0.8894843113043612,1,1,1,0.7520157420707324,genuine
94.43557797341387,89.54634323839466,18.836970870081924,640,1115,0.880473018185841,1,0,1,0.6622618931604758,genuine
93.96448092160364,75.57168767475838,5.8160325326597775,1789,508,0.8619120495449781,1,1,0,0.5804478484685801,genuine
93.14052328471368,81.43147402885968,6.309975024490866,2408,1441,0.8538714732394667,1,1,1,0.7096584865561075,genuine
80.70544034312357,92.32456028019344,6.765537402984316,1314,918,0.7138205217822272,1,1,0,0.9134448176038588,genuine
95.06965492236438,93.27207826761075,0.0,2516,1041,0.8598178561432765,1,1,0,0.8424683096959154,genuine
94.23378983326171,89.23223936618635,9.28130553131937,1628,545,0.8102666024639541,1,1,1,0.7205963252252869,genuine
92.74655163766839,67.73771180325282,28.557733963053643,518,1553,0.7861375881069488,0,0,1,0.5322847075018672,suspicious
82.4476693777117,91.75840420702758,0.0,1162,655,0.7707823942411767,0,1,1,0.8662366209223041,genuine
82.89640173390757,74.79352334616289,19.832955080717138,1543,1470,0.6854177308697181,1,1,1,0.8244563656203773,suspicious
90.0915619377792,55.605463552188624,24.810425790753165,2060,1168,0.6968313781829997,0,1,0,0.5214388615829653,suspicious
78.19476267242206,75.71765480666743,27.839739977567554,875,1739,0.5493837483631837,1,1,0,0.5469286894345536,suspicious
73.68818258865852,72.0703497863546,22.393760307455395,1768,1133,0.7255594628650133,1,1,1,0.6076701746656803,suspicious
95.9360767938834,84.7470203076039,6.959286566527844,2468,1580,0.8592566504883387,1,1,1,0.7476136278517949,genuine
91.91508683220341,85.03760117961512,2.554809453188744,1446,2085,0.6255076554077499,1,0,0,0.6136833129022604,suspicious
54.70189957573575,91.05525073175413,9.432609805896144,990,866,0.6466532955704112,1,1,1,0.832332546536996,genuine
95.47750315570623,61.31982629354437,38.51567879455864,2215,614,0.7696611115614334,1,1,0,0.5222435981515412,suspicious
85.77367155728984,74.18412801346837,13.961376625485714,2089,1493,0.6680434158471442,1,0,1,0.7332319953644868,suspicious
92.56095375957537,74.3997098001571,16.122704987378796,1479,668,0.7056114595884083,1,1,1,0.477988659104006,suspicious
82.59463889346372,83.0743739025533,7.429234668127692,2567,794,0.6894933140640854,1,0,1,0.4556176770734701,suspicious
88.37581160227822,64.98114261001888,37.15259103985086,2517,1752,0.6623736052215993,0,0,1,0.47271867760622954,suspicious
86.88717301999363,74.23294505842338,5.964807923409399,756,1633,0.6865739472410354,0,1,1,0.5967119872416013,suspicious
83.25802983400828,95.05578998020256,12.707310074449657,1996,440,0.9148674061800768,1,1,1,0.5443379844905403,genuine
88.42568618310712,78.46649563461229,13.5097416549109,2075,1460,0.8006232788273425,1,1,1,0.5547169680152371,genuine
76.13209250421946,85.68241333758097,10.236884157750577,1005,1572,0.8719454600512566,1,1,1,0.8394859667241956,genuine
75.94479858745733,90.71579277619057,4.578712869836827,957,980,0.7384897620085652,1,1,1,0.7897203674359411,genuine
89.58999537637014,91.71449055344824,7.891338255288845,908,1746,0.857962453936733,1,1,0,0.7503032420472082,genuine
80.01571652246422,96.43065504667422,0.0,1320,1698,0.6907223795672857,0,1,1,0.644751107979384,suspicious
90.64744757290717,70.38590025301274,29.619256766354205,1140,1532,0.7517308892607721,1,1,1,0.7131210378752689,suspicious
96.16052740830736,85.37488403854465,18.661816270650245,2261,850,0.8319462245592981,0,0,1,0.6329175823768328,suspicious
70.72888217378883,92.45670239218231,0.0,2796,918,0.7404868857388631,0,1,0,0.7510529383801017,suspicious
92.70724766823683,79.94495102513669,19.713555489885756,1649,1385,0.7985008009462062,1,1,1,0.6884478358999515,genuine
85.39261384756566,92.43410189556408,3.178966556695098,2559,586,0.8142434440866559,0,1,1,0.7600229643317565,genuine
88.80873483469996,95.85434653448915,3.4706745295631203,1772,1140,0.8421348729264977,1,1,0,0.9458481496438256,genuine
95.23552929912177,93.06713982074277,15.875701415899513,2931,2190,0.8274701761945303,0,1,1,0.8135507772725595,genuine
86.00426666921193,91.76978805403294,1.4544197838371087,1466,1556,0.7559969183310065,1,1,0,0.7747593831079981,genuine
93.60684644323757,85.02131854357083,17.719857171128986,2361,1947,0.7674783474643762,1,1,1,0.6697989993142217,genuine
94.12129045103092,78.12541349971544,19.605816127879542,2611,984,0.8936862168032869,1,1,1,0.6768320355790686,genuine
85.28985600029296,64.32255122671071,25.399889603810795,2787,1715,0.690995913163208,1,0,1,0.4893808592080998,suspicious
86.33641345610123,80.1495485281531,17.45966357658694,1490,1724,0.7878723591418946,0,1,0,0.6639218729939645,suspicious
77.53303347192741,78.65526519711088,17.747434565385063,1388,736,0.6880784697878785,0,1,0,0.5882363966646945,suspicious
72.5436074126462,86.25668451934239,2.19901342576037,535,797,0.7721845509107419,1,1,1,0.63012147047311,genuine
79.24234208561833,84.86211522975375,7.106346672346877,2050,1176,0.5681834988291179,0,1,0,0.568969820004017,suspicious
86.7434663928651,74.73825123098291,11.629544882049272,1897,1547,0.7749157472788208,1,0,0,0.5653630364168865,suspicious
72.34212694047154,97.5934809749519,0.0,1479,1678,0.6138146875738166,1,0,1,0.7403324852462492,genuine
90.2325603543762,69.44357544182083,32.33256549111189,1042,2158,0.7913767008654382,1,0,0,0.7750737348015067,suspicious
94.86432354126532,72.90294931603536,24.38998262435859,2663,582,0.7871517521999765,0,0,1,0.7022762496047917,suspicious
84.59985133820578,69.82563700061756,12.602648707034938,2998,1553,0.6061942375219216,0,0,1,0.5425220000037958,suspicious
77.44098073657008,94.36304161266997,2.3141449809422783,2993,2124,0.7662851617647164,1,1,0,0.7041069495932202,suspicious
89.82999566638087,89.88016761738032,9.225248313399888,1627,705,0.8265299364475983,1,1,1,0.792847957780628,genuine
85.32814237384825,91.02696076722732,11.938398786722985,2364,2120,0.7637026347547416,0,1,1,0.9612892112348185,genuine
92.94447980303389,97.4798508021655,0.0,2575,1916,0.8394734995252955,1,1,1,0.875426033247194,genuine
94.24480308374652,84.882981105052,2.6757414048613963,2454,671,0.8377195594068333,1,0,1,0.4726574052027862,genuine
93.06634835944354,93.65641332127817,4.3632896826204615,1387,781,0.9333299138948268,1,1,1,0.8528310504147192,genuine
81.45432904734281,92.1892698794455,9.84125528763574,2703,754,0.734780164023723,1,1,1,0.8623525322546506,genuine
82.05844878841391,82.9327476433509,14.444364673919209,2145,565,0.82175434274479,1,1,1,0.9273706560075647,genuine
82.3295063751624,92.30387564455351,0.0,738,1055,0.7629054589031247,0,1,1,0.7086294368208989,suspicious
68.8727863554954,93.22470448788856,17.363803258445763,907,1195,0.7843936424918866,1,1,1,0.762425886338613,genuine
91.5074300777062,88.43565681218602,7.981548611605825,1704,1211,0.7970761040587182,0,1,0,0.7615140785201333,genuine
69.93306178207558,79.80700917164374,16.50071503508131,2853,1899,0.6007764871945781,0,1,0,0.5467787487725801,suspicious
90.52294347875376,73.67330997920146,15.111245703543736,2331,1193,0.6847682871935726,1,1,1,0.48683748197340276,suspicious
86.94810126763056,90.47721185938512,14.887647094012976,2114,744,0.7886504488841346,1,1,1,0.7717406165851108,genuine
81.9209471599074,81.69724197126548,17.729996769408405,2013,1639,0.6732754155505347,1,1,0,0.4684144606714556,suspicious
98.41967559140011,98.2535190958344,3.512504682248174,2800,1554,0.9977207563679238,1,1,1,0.6279853399126687,genuine
90.81869750701651,81.27649740817733,5.981043180683113,1851,1246,0.7238157739752524,1,0,1,0.7480932427685685,suspicious
89.07173373490505,88.19452205110923,16.512320047995942,1518,1558,0.7442507048472007,1,1,1,0.7652968789091242,genuine
90.11844113810129,92.22288274026707,11.13115875563836,1464,731,0.8628137229702234,1,1,0,0.8877520365753768,genuine
85.87979483862529,84.82613876171223,18.48492971149022,1807,1803,0.8651473695160461,1,0,1,0.7341970894825913,genuine
83.51859614755409,76.00356799769571,18.25652950555929,1051,870,0.791363424806069,1,0,0,0.6092792493024514,suspicious
62.8270905662814,90.91110480312678,6.292643250658472,2898,486,0.7203486248044104,0,1,0,0.8819771447645046,suspicious
91.80659675775131,88.18616517789984,7.5857259443452065,2806,1140,0.8107910038751603,0,1,0,0.6547448634813451,genuine
72.10768453258063,89.94851917308624,23.491596230361317,1457,832,0.6882812363173961,1,0,0,0.6795875740349391,suspicious
94.50760597107565,78.43125804223551,12.379432592867913,2336,1335,0.9713182132982684,1,1,1,0.6197078783044486,genuine
84.04805203355211,73.23770108616158,11.768010281414924,2434,1235,0.8646280880434424,1,1,0,0.639957461521315,suspicious
80.85760670897237,72.54680323267235,17.977104414112716,2034,2062,0.7640776406051447,0,1,1,0.5723797446645812,suspicious
88.71282918636325,82.0088282221173,9.761489865072743,778,1149,0.8701839832805466,1,0,1,0.47786490197119424,genuine
85.48023550665603,96.92486935857617,11.125275836375973,713,573,0.8666163165371445,1,0,1,0.7434079109994899,genuine
83.0455788290252,87.24231918670539,0.07631381965620498,2289,1324,0.6614241038649797,1,0,1,0.6941517068726597,genuine
74.57628556044826,78.54505542330426,12.162172496292776,779,1848,0.6779363259042127,1,0,1,0.6421388916262507,suspicious
80.65975214863577,74.42612221787806,20.5140704862635,2552,877,0.8300956376320048,0,1,0,0.5414809268113708,suspicious
84.84238209070811,76.78040108947434,26.292749165337845,1581,959,0.8010536205795772,0,1,1,0.6749171295024198,suspicious
85.05327902372042,84.76642910097776,16.41710432044669,2509,725,0.7596752135612167,1,1,1,0.4848683403412449,suspicious
90.71916250614693,84.79757658422764,22.734939016138114,814,1709,0.9223691217689896,1,1,1,0.7282717594245807,genuine
78.96335339818373,88.69146293393689,10.901953105062095,1482,700,0.7645346070573343,1,1,1,0.9246748838662593,genuine
80.17462179505588,67.39677550287428,23.027082012298074,872,865,0.7500733514883006,1,1,1,0.4663572401251833,suspicious
63.690986385339414,82.91518438121263,18.802507411295895,1722,556,0.6512418881194995,0,1,1,0.6702347207733869,suspicious
76.01847456651089,58.135809225923694,21.82801655290733,703,1093,0.6827525889374103,1,1,1,0.43544344370338917,suspicious
65.45364493629208,74.38643612251536,7.240977738403442,1188,1962,0.6604283157443039,0,0,0,0.5674710457382783,suspicious
83.5659996592806,78.5578812090723,22.915434255265083,1235,1198,0.8435476269626544,1,0,0,0.5050467920688017,suspicious
95.42694258128394,74.70309834772945,20.446644021020102,1773,612,0.9214293944112799,1,1,1,0.8366118144285938,genuine
94.49348867237502,92.67520375292759,12.241623865415793,527,1752,0.8098083962315059,1,0,1,0.787695861742859,suspicious
93.68306137222153,76.55654855148052,11.615981520288308,1283,1039,0.8287721571740155,1,1,1,0.531956798556629,genuine
81.95097130228302,89.35103375803756,16.980211310226224,2331,699,0.8577396113437228,1,1,1,0.6206506908588169,genuine
85.12825756895313,65.69063788884384,30.424533723857422,1522,435,0.7070355167592765,1,0,0,0.532905249180363,suspicious
95.46041063778546,85.41552676779332,10.720512253545472,1998,1024,0.7293197927681592,1,1,0,0.42320343976296587,suspicious
82.8177926487443,84.00824020606146,13.445255262998446,2650,682,0.6756443973081453,1,1,1,0.7984045638345152,genuine
87.10122413662558,68.72377612749007,25.885663161939306,1769,1351,0.6708010741012509,1,0,0,0.4881281377361533,suspicious
79.5331633924362,95.24038852562255,0.0,2696,1178,0.7184122130703479,0,1,1,0.8085783296963208,genuine
90.67554497018149,81.75230959883748,10.990665941178165,2968,1584,0.7340735515847793,0,1,0,0.7062902063696317,suspicious
76.65806767419554,81.0340092292225,16.542349510199347,1820,895,0.7831909496130901,1,1,1,0.7641079778389794,genuine
91.93191996330464,84.04854204808922,8.987656051357423,1705,537,0.7855329081904725,1,1,0,0.7315034019281299,genuine
83.1860982547774,85.59311268841248,0.5192333620390581,1291,604,0.8555805573891989,1,1,1,0.7739259125466299,genuine
94.44166326769614,68.63785469870037,25.58583032774703,2675,570,0.6950419801009383,1,0,1,0.6713906954793062,suspicious
74.58270173597455,71.9867182030167,26.862200565228516,2455,882,0.6364885345843,1,1,1,0.5362641671422381,suspicious
72.25164711230367,89.17816370304986,15.59611962517917,973,1693,0.7009233037973218,1,1,0,0.971591782819969,suspicious
83.27349739242877,81.63353517258956,17.501022565327396,2128,1385,0.8102144990059084,1,1,0,0.6954131447881777,suspicious
91.12449263527927,99.44961363085878,6.1409405328523325,1162,1059,0.9324233774229512,1,1,1,0.7922390226786364,genuine
78.35685738116375,97.86250847152758,8.51568213565384,2975,827,0.7109104608034793,1,1,0,0.6819675335866819,suspicious
86.01731527139259,84.4732608959149,12.202645049758331,1321,698,0.8497691821765279,1,0,1,0.6509402161497785,genuine
75.62970907925242,88.57208566562127,0.0,711,662,0.5784718972594705,1,0,0,0.756799411493574,suspicious
90.7058047990538,96.41146771845536,10.809867727883814,2976,874,0.9003228952108641,1,1,1,0.7827249822950109,genuine
93.46875934848359,89.82300998432292,1.379514468859095,2020,1299,0.7248192581282841,1,1,1,0.9378778132836053,genuine
84.23205600183317,84.8936095342068,3.4136546743340856,2769,1477,0.7954739030884536,1,0,1,0.6323506592331365,genuine
70.02297314004353,78.37473217067999,8.495098698776706,2730,2102,0.7414210780966328,1,1,0,0.7085150152618983,suspicious
85.38269322497595,92.64226399245385,22.910347530261383,1621,2116,0.8575715930961769,1,1,1,0.6060723144996629,genuine
92.30535956834984,59.70493427326677,33.30513309946012,1604,872,0.6181129400335093,1,1,1,0.7396244643143589,suspicious
77.8454236276124,85.58950588836228,3.516555725819277,2611,1718,0.6841904253390959,0,1,1,0.541479570288518,suspicious
91.42297915473448,97.70862408023262,0.0,1448,635,0.8958755744052417,1,0,1,1.0,genuine
94.87965843575368,79.75263950690677,15.180445539273594,1083,1835,0.871162971730255,1,1,1,0.6217203936368891,genuine
54.69375154538047,96.86416666964377,6.148701441711552,1916,2073,0.6197442970853664,1,1,0,0.5067671083594447,suspicious
87.38102445321387,96.13169991988904,4.856271425608262,1982,1495,0.6321773285667414,1,1,0,0.931298132478771,genuine
79.30698050181849,81.03358373758343,7.72456710961748,2555,1369,0.8139232414900939,1,0,0,0.6581476509626406,suspicious
93.46114113876139,85.80129151194653,12.869057171787924,904,1068,0.9321014773680625,0,1,1,0.6319974438679486,genuine
87.28167937269096,71.17126696690428,17.34323510745172,1716,1992,0.7583582714032986,1,0,1,0.6463719288187582,suspicious
84.43510957051058,85.81735949769426,17.96538552172847,1938,2132,0.7816578458926604,1,0,1,0.7662678605381549,suspicious
91.5231532344632,96.74079849022553,2.8384773483242274,2902,1672,0.876997322675118,1,0,0,0.8236763952579705,genuine
92.01294505146706,90.75741760846918,1.6165981088940402,1055,546,0.9418131111296886,0,1,1,0.8622639711724399,genuine
94.68574145808125,82.41674700990737,18.010118626368488,2051,1983,0.841543521693224,1,1,1,0.6896399046982871,genuine
87.27401219566408,85.91027740722683,13.250006733075043,1964,1856,0.7667628011648961,1,1,1,0.7652491324762555,genuine
75.77489856872751,71.01855161213982,18.412026394377566,2885,1046,0.7006048288057087,1,0,1,0.505536689515444,suspicious
93.71180054560496,89.70433512642545,12.832393034733784,1572,865,0.832498751124343,1,1,0,0.8095023565924977,genuine
84.91217886466906,88.75716040238964,12.83594947040556,952,1783,0.7738420216820021,1,1,1,0.6479690493058291,genuine
92.26942353517711,91.01715156355128,15.149891716203092,1897,1494,0.6860253822008727,0,1,1,0.593192296848891,genuine
80.28121448987443,75.77595752444626,23.13900158175855,2639,1754,0.7530943156765357,0,0,1,0.5814561871578461,suspicious
78.49785510631905,75.28055700908612,17.041954080369777,903,2169,0.7921538546155974,1,1,1,0.5691507907557944,suspicious
77.58676617531921,75.43831390427178,6.587555672682887,2292,1064,0.7745395860018036,1,1,0,0.7148365641065406,suspicious
89.17213730349711,77.25106008741554,18.368231098365282,1766,1916,0.8488258602351749,0,0,1,0.443624397748829,suspicious
85.00169123153724,59.62770998217846,32.67184708906389,2489,1245,0.6973400830619162,1,1,0,0.6082576738269534,suspicious
91.22571878085606,80.55293856205205,14.94367467144402,1291,1931,0.8060036139347747,1,1,1,0.5696665501709075,suspicious
90.85041960885437,79.00138179262197,0.0,2634,837,0.8833433977136342,1,1,1,0.3362236331468166,genuine
80.87701106099044,96.4747031450494,7.395782349691297,859,1882,0.8362756732120038,1,0,1,0.6269109039140207,genuine
80.24821695530396,70.29836469122907,15.89187467537609,1823,1671,0.8162678221993269,1,1,1,0.5254827013285717,suspicious
85.13029938082958,84.41722835903418,16.487138411534126,1751,1217,0.7105727012264896,1,0,1,0.7286449338516642,suspicious
90.99796302988973,93.43625397066464,16.827602598116023,1199,2055,0.7707609177608533,1,0,1,0.7314940926658522,genuine
96.35084157451271,78.97017597291745,14.002784953611155,846,1107,0.7971004441769314,1,0,1,0.4866167723961017,genuine
72.6859234887136,71.65515929184144,24.328018758493723,2860,1737,0.5761537884950632,1,1,0,0.4798171165457481,suspicious
97.63812126996481,92.41892791269925,5.915248569540615,1568,1333,0.7599786993924169,0,1,0,0.5962082169049228,genuine
92.23123783332062,92.0209852664511,9.663346109135485,2821,655,0.8670464871675907,1,1,1,0.7672186353280983,genuine
76.82145325914503,73.56766722023255,20.54836531741042,1308,913,0.7153026457918705,0,1,1,0.577670118762626,suspicious
80.15671927882497,67.30334880031316,20.90362622158814,2107,1841,0.7089751186919279,1,1,0,0.612079424157751,suspicious
78.01360482991981,75.15491440738559,12.299218669741137,1858,1261,0.7232753368516495,0,0,1,0.38881552470814723,suspicious
85.07469233421821,81.6884743322,24.86690429195407,1508,1932,0.6401097503672513,0,1,0,0.5894298234967621,suspicious
94.61477321865031,89.87885265874938,10.660731398999749,1709,628,0.8012889587543774,1,1,1,0.9624865891271697,genuine
94.25790992763585,73.84671558808449,25.42856773920868,1137,1784,0.7738157279889215,1,1,1,0.6676978473155826,suspicious
67.49291750969172,98.5089373518137,3.9117373058960623,836,2007,0.6888567906328844,1,0,1,0.7525386249810124,suspicious
72.44009778193495,86.5208706665644,16.939723798423014,2172,2186,0.5703817708140282,0,1,1,0.5736844733917847,suspicious
78.14149955067577,76.68111354942198,11.217393862108043,1197,1724,0.6253992362070222,0,1,1,0.746378621027186,suspicious
80.94540815408686,80.2084610098824,15.42592435387567,1826,1249,0.6917480293593958,1,1,1,0.8255882229431348,genuine
90.19402322133081,82.58538477523464,16.599364220951387,1892,511,0.8773874450181304,1,0,1,0.5228429501052739,suspicious
64.35349756686095,81.07278594703865,23.24409771023187,2994,769,0.6419293221314409,1,1,1,0.5220940347961709,suspicious
87.7813799729611,59.76456915393443,48.88810583105317,2585,1588,0.8017156883872024,1,1,1,0.5115726646162835,suspicious
97.47960740862005,79.3007809680811,18.377044628236096,963,1989,0.822074909627775,1,0,0,0.679080268783196,suspicious
98.76669347311237,73.89134454334922,14.953786411422326,648,1766,0.8267909804036068,1,1,1,0.6490641742474916,genuine
91.44175585736195,87.97307397555119,0.6506929114286653,2918,1493,0.8542301714083012,0,1,1,0.924988973063099,genuine
70.34268885303973,76.8599366441943,11.021344381518693,727,1951,0.6352004537943041,1,1,1,0.49830094744611664,genuine
81.91629105718233,78.83264443878396,10.456680560536668,2286,954,0.6795594642806935,1,1,0,0.635444155337086,suspicious
79.46059193318425,73.64743535872333,0.0,2493,992,0.5814296020971992,1,1,1,0.6757227590294268,genuine
86.27423267456996,71.53114992612299,16.622052470988947,2665,558,0.6917770132290457,0,1,0,0.6574995380902722,suspicious
97.20660125885162,91.77018949946105,11.189542784771199,1349,1535,0.9281633624617784,1,1,0,0.6564237277896083,genuine
89.45938780207007,74.68604847225262,19.513261820127447,1373,729,0.8690550733097036,1,0,1,0.5244894861376861,suspicious
82.22930612326749,74.04148556446937,17.658513624520744,1142,897,0.6577416515878256,0,0,1,0.5372252301405339,suspicious
60.581910113192876,92.57312742377819,0.0,922,569,0.48651623562333496,1,0,1,0.9449998890253766,suspicious
93.12634319792727,85.45899098142529,18.25862662102812,1074,1928,0.8930975781168485,1,1,0,0.566255389771558,genuine
88.3584036429519,86.58407260279921,13.644638584343364,1006,771,0.7963336985980963,1,1,1,0.6537554217811643,suspicious
81.51799407373602,89.43636172620069,7.832207193125303,2927,1976,0.6456941200783477,1,0,1,0.8085451326766474,suspicious
75.60004867998082,57.22726152809402,16.661919367266286,1714,817,0.3856053169261351,0,0,0,0.32716060246177453,suspicious
66.42590534289779,95.84200504860415,0.0,1777,537,0.5943005460668069,1,1,0,0.7976982186408921,suspicious
79.63373694536031,94.67677253489033,7.028449294002656,2065,2162,0.7172755521201448,1,0,1,0.5294704059393586,suspicious
88.19094777427813,92.58942971539417,5.357956072348735,902,913,0.7125826613116811,1,1,1,0.7638275971066801,genuine
94.10984562088487,82.43322628069083,14.518646766674262,2971,1700,0.8731495715514875,1,1,1,0.6657507787647116,genuine
72.10099994071129,79.67096025243757,20.044902941649255,1515,585,0.602828474182097,0,1,0,0.6570008372164304,suspicious
94.10210956250931,92.04229031505479,7.051455091193158,1770,735,0.8427615935294551,1,0,1,0.632066426949033,genuine
82.59719969120293,87.39596722348323,14.000749813332028,1151,1118,0.9452508591517654,0,1,1,0.726494657609214,genuine
70.54209350182751,81.04358953321335,8.312464218092659,1247,1759,0.6705294855511015,1,1,0,0.6436629140468758,suspicious
81.48969235648161,91.89901512351894,0.0,921,409,0.750189067682649,0,1,0,0.8910865762502245,suspicious
94.69268658382929,80.67446576679805,17.835675450814527,1759,1539,0.809754409618808,1,0,1,0.7219366665861149,genuine
79.27692478254343,81.7312530269459,18.47841946055773,2947,1809,0.7731493014809359,1,1,0,0.47997213350558027,suspicious
50.64855146464929,96.88309654181407,5.970494164432699,547,581,0.615030129255089,1,1,0,0.6751545615670939,suspicious
91.47265389961558,87.45984289000658,10.326221083546681,1613,1177,0.7329374993431464,1,0,0,0.6257158850572833,suspicious
66.18201559364198,74.15724415414297,17.113780318159684,1477,2105,0.5826839776052167,0,0,1,0.6149042454919843,suspicious
73.95361711824404,72.4999057049907,22.101972771787104,2228,1362,0.6085619599076202,1,1,1,0.5597051750999523,suspicious
80.017548714161,93.04720780105757,7.869693719865365,2351,1751,0.7301206349826392,1,1,1,0.7235870223759989,genuine
92.43259096604666,74.7783970291269,21.991284361511294,2747,1737,0.9338875139643904,1,1,1,0.9363551489212858,genuine
86.72130310157415,93.77555107149709,22.918313592777885,1139,1144,0.847523149534648,1,1,1,0.6886568231916551,genuine
93.42383494072484,81.00578153234409,7.800037352227123,1014,1682,0.8033883722913012,1,1,1,0.8149501689552101,genuine
82.57892916333756,61.72603595975226,51.28742489922128,1699,2106,0.7906407039142322,1,1,1,0.4761249521770342,suspicious
76.94462994132064,88.0293432237933,0.18024493935699404,820,966,0.7352911543914915,1,1,1,0.44281183634320087,suspicious
88.70956368631875,85.23332505312595,13.774687295029755,1704,486,0.6586514474718396,1,1,1,0.7048256519757669,genuine
82.45428333837431,82.68804290840693,4.620069752198583,1150,1809,0.8757901248193279,1,1,1,0.7958120395692035,genuine
79.78605415759264,92.55043967214957,7.730876687669127,1283,965,0.73747353603673,1,0,1,0.8164171700182749,genuine
94.96531686114069,59.68814574730057,37.10875046350083,2282,1554,0.5860127844496132,0,0,1,0.5082432124609194,suspicious
86.33826264403069,89.47322770479954,8.123157980301505,874,685,0.6569116794611944,1,1,1,0.7186329294181263,genuine
92.2443950226743,90.68426501259624,13.798364243309301,1455,792,0.9165140638788044,1,0,1,0.6661150990958752,genuine
88.95920000850784,86.36640087408499,7.259423864620369,2190,1763,0.667478837606586,0,1,0,0.7984794699138003,suspicious
95.01304072044606,84.89324096928047,0.0,1723,452,0.9377558308889297,0,1,1,0.6270415249198241,genuine
85.49178384310517,79.50632659541854,19.757218981210865,2641,1295,0.760946218577586,0,1,1,0.5592101291682141,suspicious
91.76442761855006,71.27134641712567,21.76095845876193,550,1761,0.8317586779632408,1,1,1,0.6194466139882311,genuine
94.63968929189849,71.1642313533738,18.2695287518096,1520,1246,0.7725240455321678,0,1,1,0.5333049203741873,suspicious
73.14599079071833,94.41605193559941,1.3140303212071136,510,698,0.7533582584524514,1,0,1,0.9090321680770651,genuine
96.42281927895068,80.59876219214802,17.397000502139306,655,1542,0.8535706070156786,1,1,1,0.7008637317214167,genuine
69.17872881049479,75.52853687421889,12.651867064090208,1518,602,0.6354006679497073,0,1,1,0.5108719178744274,suspicious
93.34461458952445,61.632798583045115,31.40211472964848,1128,1445,0.6755868927109898,1,0,1,0.3556951199647408,suspicious
82.25389890944079,76.20006998338383,26.17040664516081,876,1157,0.7538327879265909,0,1,1,0.5407695353493776,suspicious
97.69291652446054,74.05322416075609,33.88057289172432,2900,1377,0.6747750900069883,0,1,0,0.8729805756980681,suspicious
84.69941259535068,77.9616413725907,26.360454734892812,2478,2060,0.8199703910369109,1,0,1,0.5951844040734666,suspicious
85.5815752489332,92.31973116689863,6.892419655592249,1585,1993,0.8028391700790387,0,1,0,0.8295512506260319,suspicious
93.41590530916827,66.88183327090314,26.64228074615603,2879,1693,0.8115436883337385,1,1,1,0.3783770635225769,suspicious
84.34010937304181,97.78967562499567,0.0,711,1290,0.5833323741156481,1,1,0,0.6523476498311183,genuine
94.05581772074801,84.15843291509469,8.621670977367266,2815,1837,0.7317002011354851,1,1,1,0.6506556629269454,genuine
98.15304552814251,91.68589220515761,12.339803435354973,2692,580,0.826748231004274,1,1,1,0.937618914341221,genuine
98.72760743452245,85.38275998590699,8.810359602299854,1664,886,0.9090806072836107,1,0,1,0.5281739428493686,genuine
92.1031240298773,93.66144353252068,7.316614838237321,2281,1236,0.7573990400759189,1,1,1,0.6737234055285117,genuine
72.02036058880294,91.05794407081022,0.0,1217,1903,0.8996175043483007,1,1,1,0.8366668547165282,genuine
83.58280018841769,77.31568988699814,26.605421129890036,2914,1096,0.715512415860792,1,0,1,0.8096361535722355,suspicious
58.37290033812298,82.98744286417683,10.502221206315577,1710,1148,0.5056128189609627,0,1,1,0.716387938998103,suspicious
85.23886761467521,97.02199441037803,9.849358386871204,1043,2113,0.7816596358472897,1,0,1,0.8572801662743108,suspicious
86.26247859899063,86.25289396122973,5.383567288156688,760,2163,0.7002625489906531,0,0,0,0.58239249106373,suspicious
48.749645639828465,86.21555832321293,5.041357809189192,2246,467,0.43766427359548865,1,0,0,0.5309740058421171,suspicious
68.21881896225213,84.2322114587434,21.122063875447537,2860,1426,0.7348812220906498,1,1,1,0.5363588425908923,suspicious
89.6512753531495,69.63806646550219,18.38939754807469,2228,1647,0.7978877048672843,1,1,1,0.4523015242496098,suspicious
67.0407631327195,82.74813931890776,1.9635937582172982,2178,1491,0.6839268629163078,0,0,0,0.689057395219239,suspicious
85.80651667187593,97.52122017926408,0.0,2470,2143,0.9036856559820529,0,1,0,0.633813175525656,genuine
86.862857816894,82.7966717004487,18.899456991651363,1216,2048,0.8105340141799476,0,1,1,0.6924215257977681,genuine
84.94285891634108,89.34053562436021,13.318942084492836,1344,852,0.6900873564093998,1,0,1,0.6769018924991502,suspicious
89.06549138445259,97.68610781253841,0.0,2398,2108,0.87983245024709,1,1,1,0.7139867033399904,genuine
95.34038738626717,74.2290946639276,14.906148093661566,2120,1157,0.7151557568034302,0,0,1,0.700037281502085,suspicious
77.90206410399293,91.76085954529788,10.890466125075019,1112,431,0.69752247095486,1,1,1,0.6190032160250258,genuine
95.81427804683214,86.72854693709102,19.165033613530895,647,1048,0.8359567254728476,0,1,1,0.8661129086640066,genuine
75.78459463756907,82.66997260162637,12.515923772477834,2379,818,0.6875003801011366,0,1,1,0.7610609506277096,suspicious
92.46019993032698,78.08944182765853,20.312587537313878,2651,2066,0.6529202520588854,0,1,1,0.505903331710307,suspicious
85.61093820484655,79.53148258864238,21.46541952435414,1504,1506,0.6778914410961968,0,1,1,0.7805202071698601,suspicious
72.48640867647757,75.00708337235142,33.8157100936622,2578,956,0.6568786726029381,1,1,1,0.4670681976145693,suspicious
65.47102001664216,73.91608739226834,11.472922587395493,2660,406,0.5614969117539166,1,0,1,0.7464982728892944,suspicious
91.89027959836555,70.48144002573429,17.45785612285267,2252,1063,0.8635910453237928,1,0,1,0.6038035749614288,suspicious
85.6280548577887,80.54852504800712,11.0432928751913,2975,971,0.8617525305113377,1,1,0,0.4548934477124603,suspicious
85.10259869375089,68.22003131745167,29.627645552914466,2937,1207,0.6340860911786877,0,1,1,0.3903148510200569,suspicious
89.26155573423131,85.9307277313462,8.788530147132196,1300,753,0.7998073113672699,1,0,1,0.6388488642291961,suspicious
90.10083242370808,90.70746657403222,9.155120940546617,2748,1364,0.9390414759493073,1,1,1,0.8297952050155946,genuine
93.03590463379341,84.74182240124196,12.29653387129187,1878,1342,0.8058505037054551,1,0,0,0.657451804646191,suspicious
88.62136093643562,79.7859529174298,15.172695193162427,1456,1700,0.7429453703548285,1,1,1,0.6148131526109685,genuine
94.79806933754648,98.70552466654469,1.722632520796033,1095,1475,0.9317689391828312,0,1,1,0.7944645239725026,genuine
75.81748570108631,93.71536942376957,11.922777936674144,2226,1705,0.7051659367589665,1,1,1,0.5103128724068212,genuine
81.3950213853029,75.88090811646342,11.295219370079028,2501,740,0.8204395239483907,1,1,1,0.7059542989840988,genuine
79.20050828593105,83.13553698964797,11.609153921247684,1008,646,0.6750624240604683,1,1,0,0.8258432800528303,suspicious
73.49444242088481,70.94605118924633,13.283517387468663,1730,1366,0.6171119689775079,0,0,1,0.662291759489409,suspicious
97.28149647289133,94.29582352918655,5.8640308500315985,2728,2184,0.9312818032644161,1,1,1,0.7035482324499764,genuine
84.04623957178505,96.79149387412353,1.0376775692242695,2960,1114,0.79632278978047,1,1,1,0.6681269775160875,genuine
76.11817131462512,91.2570732136782,14.041897017716622,1600,1714,0.7315832811488239,1,1,1,0.6002241438713983,genuine
74.50611349060519,84.33479731640973,11.715139468846926,2718,2184,0.5423802127729587,0,1,0,0.5387014714600914,suspicious
85.9027258948861,65.8499027026565,22.505699039186588,2637,570,0.6947194088688827,1,1,1,0.7985467661081218,genuine
62.04686469429142,95.15764515785484,1.9047957950998093,1182,517,0.7103217299000688,0,0,1,0.75180240647947,suspicious
81.86449645988296,88.29806465451964,20.840421004360497,1637,1589,0.6901675900548166,0,0,0,0.8149468342809252,suspicious
78.14177610327903,83.39617427686944,1.4623050157768915,798,1914,0.7724654256146718,1,0,0,0.7691259504367963,suspicious
80.75407917272052,63.99146931591315,22.613785308756,513,1605,0.7063193736710607,1,0,1,0.5290450086600845,suspicious
70.11936233763595,68.93155628182109,23.553389096634657,2050,2200,0.6121275372980215,1,1,1,0.4396538387520161,suspicious
91.96588768621314,94.83018415033038,0.0,506,467,0.943474103371065,1,1,1,0.8208847096595765,genuine
90.4270381870959,87.76062700437755,12.614301456064544,1295,1375,0.7799897936673411,1,1,0,0.5721821682633309,genuine
90.05340633843595,80.08226993727021,14.542899480270936,938,1674,0.7639410532795515,0,0,1,0.712934757419553,suspicious
80.92325809514224,81.05566964268048,16.00014208640205,1134,1625,0.711749440977172,1,1,1,0.5240202183186302,suspicious
81.96648151759618,86.94644993230679,10.614959497717898,1104,461,0.7565902473350168,1,1,1,0.6432323899271275,genuine
66.66830036754382,78.07028259989617,15.725970299796652,1863,630,0.6898762643859574,1,0,0,0.5720221733087398,suspicious
87.7707235805538,71.75629506932671,12.147012551440547,2434,2194,0.6320960254024335,1,1,1,0.7419245612102501,genuine
98.49105227707788,82.7173437885458,14.194639162946123,1846,1031,0.9164288207340741,1,1,1,0.3696472881847,genuine
88.34804485754269,88.64710029983104,0.0,2393,730,0.8013278877399113,1,0,1,0.9888711117072239,genuine
96.29171212745165,63.043723977508954,23.013480145459383,1844,726,0.827828205156315,1,1,0,0.40764116874558776,suspicious
60.21099928426351,69.30595030902724,26.444974270388162,2221,709,0.7559844044477095,1,0,1,0.5396441834890714,suspicious
72.4383175778319,93.90058466993008,12.902374247511442,1235,1450,0.6646676938384002,1,1,1,0.8008015105040925,suspicious
89.79957217732314,84.08288927185548,28.38374592308125,1321,1306,0.6959307966317986,0,1,0,0.711976972845498,suspicious
72.29180690169878,81.34563007428207,10.992999595460047,888,2096,0.6887647423260896,1,1,0,0.7520006334329258,genuine
93.20252443618733,90.26839645673736,1.242830245906216,1800,1259,0.8596607468881393,0,1,1,0.7953919097791784,genuine
92.89170639437202,89.9707404783577,11.177929497253045,959,453,0.8984516891106932,1,1,1,0.964205333453479,genuine
89.99228487802874,75.08702646119048,31.774511857907697,2063,1353,0.7295972783415849,1,1,1,0.6884876932807278,genuine
82.57238080153853,73.60982573296633,30.521844249601603,2301,1290,0.6543364898582105,1,1,1,0.5747952011177706,suspicious
71.52260634217416,90.02849088395843,0.2330774003380114,2712,990,0.5673305001842454,0,1,1,0.6538663268646058,suspicious
87.03994594198085,90.94352858954947,5.8087892456017896,1670,1703,0.6837189877865162,0,1,1,0.6580857961610618,genuine
81.36049453524787,86.18025678978861,16.317378389676506,2980,2094,0.7110168787497254,1,1,0,0.8446313065120084,suspicious
85.05311273886238,75.29628346488045,24.965765468394196,1673,1175,0.7317591465912772,1,1,1,0.8129945083272575,genuine
96.15405662185124,64.26374922446769,30.945221548569208,2285,1706,0.9508714744149497,1,1,1,0.6346021174321412,suspicious
95.98842002410105,91.09577287046818,3.5369302590850147,2942,1370,0.7162574970753732,1,1,0,0.3490356611082949,genuine
93.48110347104925,83.36868756902274,16.554240848584243,1824,1707,0.8428809976590199,1,0,1,0.39729148470994846,genuine
95.83051667839044,88.66042884682116,15.010133999023077,2795,1215,0.7864745622623575,0,1,1,0.7083759824219236,genuine
85.81747627466201,64.2824904750824,20.263991614134458,1940,867,0.7363491598633181,1,0,0,0.494256849998781,suspicious
80.5673703243734,82.34190105533588,22.555225502271956,662,1476,0.6852837898926409,1,1,0,0.6611242452139665,suspicious
95.23643618606317,76.76053467626105,24.3733155905569,1736,1106,0.8937689388637224,1,1,1,0.7642933770666958,genuine
97.1713010084929,96.2082582043864,0.0,2494,523,0.9544693336106167,1,1,1,0.913892862905625,genuine
94.01902357210724,78.99883618924193,22.225241656584686,2121,1734,0.7995726607966213,0,1,1,0.6529802909392993,genuine
83.84313713347305,87.2332391638726,15.2668662154867,1120,1384,0.8781924450522134,1,1,1,0.5150002351056872,suspicious
71.8192934027953,93.77735344506769,10.625053485615148,1218,1497,0.7620774843616595,0,0,0,0.6027143173419736,suspicious
85.01745279144687,64.95894722561397,37.31260096187429,2306,1321,0.8264155282915312,1,1,1,0.5277630516278823,suspicious
81.71023270784434,72.7471865641694,20.366377623384075,2496,1996,0.7095335019723744,1,1,1,0.6319961974374358,suspicious
87.24757007146736,96.57631108556016,4.888415896590233,933,727,0.8846938830332182,1,1,1,0.6265334503723119,genuine
87.74819653985121,82.24052680948851,0.0,1637,544,0.7145035475738756,0,1,1,0.7371868204712487,suspicious
82.8318305296027,92.7839163306792,13.222821628011232,863,1363,0.7007939665137647,1,1,0,0.5319861632270371,suspicious
97.14455567178386,84.76836348331507,18.560832310645015,1236,1966,1.0,1,1,1,0.35856768085942387,genuine
65.06842879966486,75.72944671647676,27.695155096135515,2848,1234,0.5253986529183281,1,1,1,0.5008202869765765,suspicious
85.79682401155645,77.85405254026344,10.052697744615715,573,1155,0.7174260368105441,1,1,1,0.7876000307948344,genuine
86.61373096642204,81.98572338319758,20.245025163167625,1896,1468,0.6161130134264992,0,1,1,0.8385600044496154,suspicious
85.43419837039083,79.01923262925516,22.866820603124317,1628,1016,0.6852013212645549,0,1,1,0.44076113627488905,suspicious
85.51914260823209,89.95188350904003,2.979671079042994,1374,1415,0.7012152905949836,0,1,1,0.5373965777378965,genuine
84.1699942887648,67.93957121466491,31.437072577749706,2745,2138,0.6633306344313398,1,1,1,0.6348287771590005,suspicious
90.82676040412464,65.76090709100058,28.92060465898035,2728,1128,0.7787669127058006,1,1,1,0.4732044647596936,suspicious
86.12534110284179,75.61532349276004,6.402424964326727,552,1271,0.7921358564818063,1,1,0,0.7688874996030887,suspicious
94.09466842973652,81.82512959637847,17.72251854600546,1224,1806,0.7356334067629694,1,1,1,0.7439603851601422,genuine
88.78844782875129,99.10132878831446,0.0,1091,1611,0.7617049090740098,1,1,0,0.9027778499576695,genuine
95.72922526700576,92.74439532519916,0.0,659,1043,0.9407817709036371,1,1,0,0.643329533212288,genuine
80.28311234458232,98.44912517224667,3.729029049781496,1758,1344,0.9043864886725211,1,1,1,0.8408503781057629,genuine
83.13324634551707,83.30610752328889,12.063104435851105,1487,1254,0.8491047187405134,1,1,1,0.9084148993144661,genuine
88.69358639984142,97.74280060443918,11.519594543886962,1496,1116,0.6891588235569341,0,1,1,0.7990122078691474,genuine
81.82049119490392,97.32916700571485,3.275158592997277,2268,1167,0.8703086816723639,1,1,1,0.7732331095510062,genuine
79.33000511534482,89.18738651514798,13.559095400798153,2931,429,0.8869086080587582,0,1,0,0.6612159154685356,suspicious
83.09153493115159,66.53726118918601,28.65871967046154,2155,1275,0.5707621870327582,0,1,0,0.34006575711106424,suspicious
87.65535956363526,60.650053969788395,36.65916100550827,2045,965,0.8080010166350685,1,1,1,0.3533269358241997,suspicious
93.52722623095028,88.67152429919722,2.2915053603203717,1684,1841,0.8476231104547335,1,1,1,0.6023534690753702,genuine
76.92398511503586,79.90714197723902,16.459399927859515,1508,1535,0.6736027414230042,0,1,1,0.44194107161129526,suspicious
97.9504059181446,85.91192981848734,9.580901314629115,1775,1678,0.8599520908340939,0,0,1,0.502077572125219,suspicious
93.38139728125218,72.07012662256659,25.52318871994645,1164,879,0.8226152444528692,1,1,0,0.2827788582709789,suspicious
96.75905599275154,97.11821970934349,3.952026755341528,1824,476,0.9643362174129513,1,1,1,0.6830444560040349,genuine
82.96286631702235,87.08938298409389,5.384697700028756,1446,1092,0.8454632508772468,0,1,1,0.7777448110119676,suspicious
85.97374582133145,78.37688899320098,13.851798475669657,1436,1290,0.6342173848094027,1,0,0,0.5890328443355508,suspicious
76.47345125479629,84.26408788119024,23.34145304887963,2671,1178,0.655843872685177,1,1,1,0.6366743937290751,suspicious
91.91379594215691,83.78856126757276,0.2981212218414431,707,624,0.8143963184656091,1,1,1,0.7623218743751999,genuine
89.42405927487195,82.04956862319042,18.428376480664518,2545,764,0.9121578057986014,1,1,1,0.8590723687839978,genuine
88.91639694993526,96.63633791989946,11.212870637206514,894,1713,0.6013481032200821,1,1,1,1.0,genuine
81.74644613692706,77.49085521105742,20.933718659223643,1447,2026,0.6762122054197658,1,0,1,0.6372681378537541,suspicious
91.7261862672599,92.89591963163059,19.125118035363023,2311,2177,0.7062287559292973,0,1,1,0.7093512101558057,genuine
91.90640005624716,71.18722983684262,28.179187151894592,2784,1313,0.6658094703099613,1,0,0,0.5199283574235031,suspicious
84.4166335091403,70.58975085906442,24.746552851865562,2525,1514,0.8040413025924933,0,0,1,0.6356621796953058,suspicious
85.00979080640732,91.14898682752872,3.3711529704282417,2316,1492,0.7378852598750331,1,1,0,0.710435182227084,genuine
73.10966188014514,97.91224813169077,4.384486031498463,1489,1084,0.533297584575093,0,0,0,0.7649704712626311,suspicious
69.91002718546719,93.15057556870079,9.908841764791067,1404,992,0.6746164916086667,1,1,0,0.7348282669226722,suspicious
97.60693439985752,93.58908574764378,4.832688659789109,1323,530,1.0,1,1,1,0.6356563004881731,genuine
88.62898238283613,90.27364661289282,2.094978775618408,2584,465,0.6572372062747628,1,1,0,0.44232560597615717,suspicious
91.4665963162379,74.11302929083303,10.985669369830113,2019,998,0.8224504393203466,1,1,1,0.5125958486568394,suspicious
75.764111413371,87.28421964067473,10.834683467160758,660,1063,0.8360935782336983,1,1,1,0.8731712744747504,genuine
81.44639895786696,85.8653784382841,0.2387527168159309,554,1346,0.7401112249476559,1,1,0,0.8561801600896032,genuine
94.28340005993684,94.66232868490516,0.702454660118518,803,2148,1.0,1,1,1,0.870072537204723,genuine
79.75385135198198,75.96346140895804,1.0052206471434353,1924,1986,0.6555238217933594,1,1,0,0.5484602618454396,suspicious
79.58722251822728,93.1304162707625,10.983317504276851,2953,750,0.8658181901077622,0,1,1,0.6501816982410369,suspicious
88.32504403256857,83.32947075389811,20.58122389877473,1673,1323,0.8792314408193033,1,1,1,0.8615873406005683,genuine
85.09715584231347,59.84267791618712,30.670627984696736,1116,1402,0.7001355934650347,1,1,1,0.3487658389433559,suspicious
73.57070279708729,84.03714261174,24.792356264213595,1605,2172,0.5693260922774186,0,1,1,0.6770248917111543,suspicious
83.5754915142644,74.03400148125652,28.906206154571514,2270,1129,0.6481873045517104,1,1,0,0.7950112403661899,suspicious
63.97469811377444,89.05869958516597,11.564475317155996,503,1064,0.45094731968507407,0,0,0,0.7273431659519941,suspicious
87.40902087167723,86.33071752325334,9.459461331174474,2142,1770,0.8315174235950769,1,0,1,0.655428375555024,genuine
79.88541226572661,89.91638316138574,5.11692579677796,2858,400,0.7819901783647182,1,1,1,0.8585117232382523,genuine
94.6470375550437,78.08339804863797,20.37488898404144,2834,573,0.8167516353856765,0,1,1,0.6333086288801985,genuine
96.6152053061863,69.14803371147775,22.150386830131673,933,1532,0.7910518110440147,1,1,1,0.5767247925874908,suspicious
86.51938735781177,89.96791009898699,11.361678837361907,2953,999,0.8959031328161671,1,1,1,0.9015088216124262,genuine
92.01199650188796,96.30471208900514,7.12864123007607,782,794,0.8626636109202193,1,1,0,0.4650466723069321,genuine
71.805199923456,96.90263181030815,0.7159714075978685,1676,1888,0.6646187664518695,0,0,0,0.818281857732868,suspicious
82.12812916275138,95.05329353514882,11.380530557999306,1464,839,0.7832443340928325,1,1,1,0.6684679298377529,genuine
92.69126650198068,59.91348326559317,28.465028751998226,2174,447,0.9160773492347489,1,1,1,0.45444106820422103,suspicious
89.06099332827236,87.8823881477674,9.237578729691723,2447,431,0.8483757781905168,1,1,1,0.7166138738325727,genuine
70.41579715633588,91.82432973884163,0.0,2024,2036,0.656070048714019,1,0,1,0.6535381641365592,genuine
88.00339726935294,81.11236418002835,12.271409720028254,2413,1357,0.7712451972232126,0,0,1,0.6763215745443819,suspicious
82.20262765738312,96.24468532590397,17.92387519739991,2956,424,0.8119990918178049,0,1,1,0.8162012471328396,suspicious
80.14626647456068,91.38465718221121,0.1588011312500539,1780,845,0.715725492141811,0,0,1,0.7554919290853378,suspicious
74.414137176618,81.52807379306658,16.91793117781878,1944,991,0.6467485133475603,0,0,1,0.665594318888339,suspicious
96.03948101590917,95.90680959568799,0.0,1873,2190,0.8631178929550256,0,1,1,0.753142394316433,genuine
76.02904077042128,89.92123363608967,0.0,1170,1370,0.8405190583125184,1,1,0,0.7076179200206661,suspicious
80.5246336338935,78.71871467262623,19.873756958538216,1638,1905,0.7834850263549826,1,1,1,0.6392768363572217,genuine
82.62699105419901,89.72927519629619,3.8101737901950408,1898,1208,0.7286363209261615,1,0,1,0.6047443114919419,suspicious
89.22779654051209,85.3972131076247,13.185378683670855,563,1698,0.8629947444648982,1,1,1,0.8355917057056047,genuine
67.23414813700698,89.6404416878441,14.697701472120023,1481,466,0.6618089400573841,0,1,1,0.7061899597832872,suspicious
79.20120836357071,95.36579377360333,5.11784335911412,1194,1037,0.7807894066097079,1,1,1,0.7145212085418725,genuine
90.43366940736414,84.91509376931135,13.611771594347957,2166,1228,0.8203964912873326,1,1,1,0.7268220184796023,genuine
74.08550995107328,87.16661263730435,3.549461055372211,1472,528,0.5306517882375568,0,1,0,0.6835701250868293,suspicious
90.33828594124397,89.80389859354224,12.594853580849033,840,878,0.5679137255223868,1,1,0,0.8675460902507603,genuine
85.11494014406081,83.86202764939216,10.775691166423979,1886,1604,0.7810318937245497,0,1,1,0.7782582013492167,genuine
79.15418273955291,88.33151821891799,0.0,1654,1633,0.66710208192743,0,1,1,0.7178049569628159,genuine
68.12566461436006,89.81622068811679,13.428545484895919,2148,440,0.5362163645316825,0,1,0,0.8311995717516467,suspicious
91.09881523585456,65.35926702722132,33.911429700111604,2357,875,0.689779720827711,0,1,1,0.551106342371351,suspicious
90.06335605154732,90.02501061661829,17.84909922644559,2970,1195,0.8844457431721708,1,1,1,0.5817066461144159,genuine
90.49717017715116,77.64235826155587,31.963992320676663,2045,890,0.8109635567512676,1,1,1,0.727922982009976,genuine
77.67529426651402,96.39445545894253,8.11890023918741,1768,495,0.8076164476052906,0,0,0,0.5431021401045217,suspicious
68.39845938905178,97.71946308650963,5.308207509497553,1201,468,0.7251362883610278,1,1,1,0.35973303963171277,genuine
72.91345838102049,95.30281221523664,11.163725032257988,2180,1408,0.6386879511828467,1,1,1,0.8461820212162272,genuine
80.16842074489601,92.99334375242283,0.0,1531,1060,0.8157016815781712,1,1,1,0.7971742334995083,genuine
58.839690484397586,72.94324755588141,8.588778315074983,2902,1407,0.611675280264025,0,1,1,0.628756279039372,suspicious
89.06461350676223,85.16049028615116,7.79057062585565,2214,1672,0.782422548394638,1,1,0,0.8480307323701297,genuine
80.43954305103489,77.87814567584947,25.532099984584008,1196,1355,0.7222596091076405,1,0,1,0.6200592366383074,suspicious
80.05557574455167,97.34842339381346,0.0,2848,1402,0.8271295693588814,1,1,0,0.7333973563011261,genuine
44.17562230168807,74.85522182358403,22.11785774592581,1634,1686,0.41432365426300277,0,1,0,0.6944385544655349,suspicious
75.23819645048846,82.63381135393644,17.037722603556062,2050,729,0.7826634425115822,1,1,1,0.5754152475791401,suspicious
90.91611873503788,93.27771136167456,6.751572440837489,2303,810,0.8693565673538027,1,1,1,0.7176485862027626,genuine
97.98661662164368,85.07336903323878,2.251546738891829,2135,1708,0.8497770623602287,1,1,0,0.7108957077588797,genuine
57.541469378149145,85.11293266920403,13.564240720882253,1913,836,0.70930079499587,0,1,1,0.7208084507860326,suspicious
86.41716643960811,83.11969118567343,9.709357364508762,2333,1974,0.6659642843562753,1,1,1,0.6249945506958748,genuine
74.35650888825437,79.68046914371904,27.159676487650085,2733,1149,0.6457036988434792,1,1,1,0.5785862366137506,suspicious
90.63688223562346,78.56747506665815,24.032542940552883,908,545,0.7309783582834039,1,1,1,0.49414953686743435,suspicious
88.49166394068438,88.99757790438328,5.547765040313802,1915,1665,0.8263370440880198,1,0,1,0.617519632942303,genuine
75.40976557730994,81.22801832102584,26.439141608669743,2018,1166,0.7878265672631467,0,1,1,0.8681147645782139,suspicious
76.17772542096836,84.24172721754866,14.224684451881531,2806,610,0.6271177781580115,0,0,0,0.6420646040965038,suspicious
84.83280170064128,81.05220348961629,2.5093916626927673,1940,783,1.0,1,1,1,0.6711278058002611,genuine
72.44510077462499,93.8582842544057,4.058149829551156,871,1995,0.6525183619360002,1,0,1,0.5719129136765375,suspicious
59.69370494722253,82.7425721823495,24.390016358973774,2407,1228,0.6237201904321495,1,0,0,0.9695258894405673,suspicious
92.04037040972337,62.35544511615501,22.494546643176896,2509,854,0.7543659246543297,1,0,0,0.39546776223888125,suspicious
96.19661392358145,81.63476431377252,13.296247428720486,2598,1376,0.833057422371685,1,1,1,0.5120691968461732,genuine
72.95043673600969,62.47410566086466,18.625496530004888,1033,630,0.5669701841826221,0,1,1,0.49245093633613235,suspicious
88.1186298651661,95.98696777209221,0.0,876,1104,0.8981422315158607,1,1,1,0.6607982358457902,genuine
94.1109977985077,74.17534274919548,13.52881473077574,622,1478,0.728846142191571,0,0,1,0.6372004980028648,suspicious
73.27567215856638,97.55322978300828,0.0,1570,2123,0.5786606167629755,1,1,1,0.5990286147283547,suspicious
72.72165625501393,81.01054151614508,9.914175269974013,779,896,0.5854573248697573,1,0,0,0.7845302279549592,suspicious
87.88058373342692,81.57017517211654,25.99035161241982,2414,1889,0.89077448174176,1,0,1,0.7653445076974238,suspicious
48.04124334989291,82.64961190324323,12.760283110573926,1952,1136,0.6189297265572073,1,1,1,0.6469552146447392,suspicious
98.86520579983053,95.08173276490857,9.187352332703302,1288,2005,0.7197493149749378,1,0,0,0.5619914948427276,suspicious
59.1043879655603,91.56340617032428,13.968428490613398,1227,510,0.6781854050675988,1,1,1,0.6350368576643297,suspicious
85.72401564482786,77.30169141341433,9.26467618583657,1624,645,0.5919056963363941,0,1,1,0.6259166040380234,suspicious
97.99614809610244,82.80851235161781,7.073028849305027,860,1237,0.8418180153853003,1,1,1,0.5172067694760912,genuine
90.45932993813109,91.2118991939815,11.951806696739926,1541,1819,0.7193952678124058,1,0,1,0.6039564191959159,suspicious
84.60802783648832,91.12032145756531,2.219777868231202,2073,946,0.8490155074748172,1,1,1,0.8548784632470479,genuine
81.55669453075129,88.13263633492625,13.797632950177759,1653,615,0.7948229775527386,1,1,0,0.7236511347324359,genuine
77.79492325419571,81.24174616778845,25.809947321422197,1720,705,0.7871377071971994,0,1,1,0.6647336577188037,suspicious
94.94975636111646,69.58578238245917,12.622983001280499,2570,921,0.7675186874163552,1,1,1,0.6199813901698095,genuine
93.51815323999949,84.44840118211702,9.16515997350791,1451,1095,0.8036826838439395,0,1,1,0.6559284670076282,suspicious
97.63831747219976,69.01258204538125,21.852663856987473,811,1434,0.6872408555645434,0,1,0,0.544959959770967,suspicious
75.84676291920738,91.59736095190836,2.617414128575785,1839,1786,0.6395585934428967,1,1,0,0.7874971589546873,genuine
87.54159390077166,78.30868609423703,12.012667382663368,934,631,0.8406747503786077,1,1,1,0.7235474586938352,genuine
93.1167122940228,94.36024596881082,0.7849698201533726,2654,1775,0.8705404419375152,1,1,1,0.8146543313492376,genuine
87.18143870876257,72.76312039148553,20.320904624653156,890,2177,0.7569339522038491,1,0,0,0.757351537236687,suspicious
75.03745087203517,97.76304394784302,2.831910650553735,2312,1049,0.8331201413510472,1,1,1,0.7850599955745473,genuine
95.4279978757773,94.93907720434638,10.469567995241082,1630,770,0.753618304363712,1,1,0,0.5978520264909674,genuine
78.17523605989231,86.28378281737581,10.111332205298133,1738,2154,0.7814603233358401,1,0,1,0.820862729973211,genuine
79.14152206472419,66.03537686130497,33.30069198512809,2716,2040,0.5851758060517329,1,1,0,0.4988726719174553,suspicious
89.89214833306252,88.79294914357156,4.262687605083425,2557,626,0.9245112466701837,1,1,0,0.6181007900614806,genuine
88.40578829727185,75.07655907549105,10.283040830100376,928,1921,0.8058869554428804,0,1,1,0.6860944034124412,suspicious
90.49703342842197,87.90666977362982,6.936719428894207,2657,1939,0.8851575005746976,1,1,1,0.7477459618043145,genuine
85.70089669890392,79.06659415996207,18.937502962032383,1303,946,0.6985905728406981,1,0,1,0.47908301664127184,suspicious
67.4683673130969,91.4832197128954,12.410852137341749,1441,2163,0.841820294839066,1,0,1,0.8123413917850588,genuine
73.68853692028878,79.51088164826925,25.58847386315584,2575,742,0.837637325388034,1,1,1,0.861005077985743,genuine
76.58909096534092,68.89631209048713,25.359168060020462,874,1431,0.7045001931414945,1,1,1,0.590004653606361,suspicious
96.89401108506563,76.18278099087634,23.134096297679555,1528,1666,0.9142889615776654,1,1,1,0.5787201993585643,suspicious
53.69973381141789,82.13470769975649,22.98042479685285,787,508,0.5302340956589785,0,0,0,0.4567669996516953,suspicious
88.51878697013746,84.20049090878774,6.394903531439065,1912,2056,0.6843948439971073,1,1,1,0.9197501213591983,genuine
59.10409385468325,85.68375399273187,9.266197509714662,2097,2058,0.6620492364424265,0,1,0,0.6234348064609193,suspicious
78.96695746284169,93.86314396928012,23.999034496770598,1955,1078,0.6743982763916743,1,1,1,0.5819465322554369,suspicious
66.43301047835732,88.83762172485822,14.366506302474354,2841,1186,0.7587262339562078,1,1,1,0.7240023638767533,suspicious
90.20749405365197,91.51091270345705,9.94171763328181,2277,1065,0.8989546441783302,1,1,1,0.8530771778205781,genuine
83.50044018210723,89.2248647294963,14.33718736315786,596,709,0.7846328350504633,1,0,1,0.8621086907903843,genuine
93.5522613997735,85.01110512416278,1.8919311374024268,1017,1992,0.8349611325252038,1,1,1,0.599422487293132,genuine
83.65796032447078,75.56063790023919,13.801736574748968,1743,2005,0.8118214155436279,1,1,1,0.5926620150873132,genuine
82.81915132126521,64.17871286303381,19.77988019637832,1643,1432,0.7207363875935148,1,0,0,0.5134792384469614,suspicious
82.64352837454706,83.95732486980265,14.962264585612177,985,1168,0.714719308425125,1,0,0,0.7888455560794989,suspicious
96.10929194833837,80.03482867508303,12.391116039315786,1820,1620,0.7036368914324461,1,0,0,0.7114187249803235,suspicious
91.37347252861046,92.02811305932374,6.646634629420133,1829,1299,0.9007098324376582,1,1,0,0.7686998609859135,genuine
96.36208259047488,78.80648130771846,13.718025288119385,1636,1756,0.8526848601373449,1,0,1,0.7402310246613593,suspicious
82.23512589532972,94.73874313171238,0.0,2642,1428,0.9918279823040321,1,1,1,0.594461808402606,genuine
87.30107747140826,81.96754435178192,19.71917679624171,1450,713,0.7647029719237136,1,0,1,0.7062453026462511,suspicious
96.13338396084063,98.41340427230081,0.0,2468,2032,0.8950633906729393,1,1,1,0.8138987941347873,genuine
98.59818349875331,62.61147665942629,22.947865330531094,2247,1169,0.8234571689647874,1,1,1,0.49489101094492294,suspicious
90.89304517812819,83.57610760977356,3.1096133327530406,2929,1307,0.8518055713234676,0,1,1,0.6386479320398757,genuine
99.69794480825719,81.0638713977188,8.04390826026263,2091,1593,0.7733460056363957,0,1,0,0.6646089248467499,genuine
93.49377880370186,86.91574795853336,11.226198970838185,1711,1999,0.8188217118981305,1,1,1,0.6269034123142045,genuine
79.4273615205058,83.12975911344247,21.297841389137886,502,1154,0.7903150011771655,1,0,1,0.9923130831217948,genuine
80.23819083570874,98.10044390272597,0.0,2159,706,0.7401782759153678,0,1,1,0.9478804588339503,genuine
70.8389652063527,89.00138719195535,4.348503477926991,1820,590,0.746171841324079,1,0,1,0.8431602934852473,suspicious
86.3559435238735,87.82300932372584,0.0,2747,1510,0.7886084336523921,1,1,0,0.6390227954192736,genuine
85.3455300282074,73.40442097177126,15.708800091312845,1990,1155,0.7704066830171705,1,1,1,0.47237223349008933,genuine
89.48413973036924,69.26947884682386,23.551135345312737,2244,1346,0.8469115184510845,1,1,1,0.528721568969859,suspicious
82.76383176982941,89.68258187234628,13.107606565808254,2780,1927,0.7439829135806397,1,1,0,0.7311598125612803,suspicious
84.97617957741802,98.28586322952378,0.0,2911,985,0.6819117284667666,1,1,1,0.6124801017347221,genuine
89.21198430768023,90.47921770633883,10.994449459717538,1052,1565,0.7847687478368905,1,1,1,0.7814309590237493,genuine
74.12950979264187,88.05264732424887,2.1520344433092546,1114,782,0.6359290174757858,1,0,0,0.8342791319912709,suspicious
93.93794817406813,80.39028938508302,6.193947520832776,2460,1652,0.6415135024724541,1,1,0,0.3748410277018915,suspicious
67.10011623870699,85.32123231143841,11.481489632063422,837,525,0.6409193061563858,0,1,1,0.5745256844531964,suspicious
98.13296662912731,83.0893906660489,17.0729811319463,2549,771,0.8615102124784079,1,1,1,0.8120552135306117,genuine
85.74136062894402,85.06874679093106,10.495256760870989,872,871,0.8516516184901556,1,1,1,0.7254258118918253,genuine
79.61690674485025,86.4702594484259,2.4953909016758695,1410,738,0.6425407059621123,1,0,1,0.5878033307052895,suspicious
82.42829111406766,83.35930107345638,11.77365718690769,2631,1625,0.7512642268868285,0,1,1,0.7551178320676872,genuine
73.18148149481516,79.61372745258213,10.213454676065286,844,1113,0.7649612549117879,1,0,1,0.5656040562942467,suspicious
90.70987575701947,68.06366173827774,28.180481020975986,632,901,0.7138015704959366,1,1,1,0.51617470756997,suspicious
82.05391123347437,83.35355099072731,20.0123415760727,2398,882,0.7846320412368276,1,1,0,0.5301631265439227,suspicious
91.96447525289388,84.25214347923206,18.89112632676939,2525,1711,0.9362168885101265,1,1,0,0.6760469153346342,genuine
66.17177495313834,82.99076665435003,12.61868552337739,2386,1386,0.4886003117046488,1,1,0,0.786108965187915,suspicious
90.40024379153242,95.66998701850065,11.106134528060169,1660,1976,0.8485888978737256,1,1,1,0.7080593412116061,genuine
94.1230457806119,94.14117580836675,0.0,2409,1309,0.9401839273372079,0,1,1,0.8305842729887853,genuine
94.36431423782615,91.18578965503322,19.090722085698623,2228,1650,0.8132754894420728,1,1,1,0.7234971317609198,genuine
94.42779645968756,84.32604859805133,4.5693890096746514,1445,2055,0.9355365961808004,1,0,1,0.8040892426360289,genuine
77.90440633626244,91.41703206285095,0.0,2364,1849,0.7856589641264802,0,0,1,0.6757717608364111,suspicious
89.78107001527412,85.18395183204288,20.67009099243075,983,1762,0.9380854078884175,1,1,0,0.8680739945475133,genuine
94.71370763664896,93.23546724549117,0.1024586174632569,1561,1432,0.8953249537427638,1,1,1,0.8276743984827197,genuine
91.8158536826485,91.62886223904108,7.095525498255701,2569,1968,0.9740783007193472,1,0,1,0.7623124580271607,genuine
56.37966697596008,83.38383145709332,5.2464700787100655,865,2104,0.5989274162770276,1,1,0,0.7007315388086055,suspicious
88.14945607581001,79.01126827721035,32.286772643475416,1552,614,0.6610759844627374,1,1,1,0.5762917719777882,suspicious
97.38665003506316,85.51240522206224,23.618419773856264,2043,1774,0.7963142078654443,1,1,1,0.6205786231203474,genuine
92.83247655260863,88.68038406382223,19.31558947070386,1995,424,0.9065811349641126,1,1,1,0.740906162126237,genuine
89.55178031715485,92.85147334135172,5.979899154906655,2892,981,0.8941104263992589,1,1,1,0.5989637740391093,genuine
89.07996294735494,78.7390678060963,22.81059375368029,2153,1859,0.7510193126961058,1,0,1,0.5577095146232721,genuine
92.29260242706061,76.21523884854702,17.4672064179789,563,1702,0.9347840781020147,1,1,1,0.4972512912081208,genuine
95.67379389131338,86.33041927114766,18.107594971393453,2989,1507,0.8093882974404117,0,1,0,0.7592618921287823,genuine
70.88480883762907,95.32299110820877,0.633491123071459,1067,1610,0.7360168945642005,1,0,0,0.8330272067272477,suspicious
87.94939955244737,87.22026927192802,20.677728956212402,1986,682,0.8244644302818228,1,1,1,0.8499008207804827,genuine
87.2203448533337,67.03620867321048,21.49673730234873,2686,1753,0.6280851477740541,0,0,1,0.49613128950657565,suspicious
90.21799057353044,95.52742756620361,0.9233929950701159,2018,580,0.8163961538142065,0,1,0,0.667287249928664,genuine
96.47449707917329,83.283578295783,9.271613455319768,674,975,1.0,1,1,0,0.48995305506966336,genuine
76.01967003541571,99.23450156346749,1.921290380416158,1378,552,0.6684327579853804,1,0,0,0.8263900347079817,genuine
94.1887025669685,83.11174435852962,9.948820830621795,525,1317,0.8700185337643517,1,1,1,0.8325092639843061,genuine
87.96081072405,70.81684898285394,25.298152247308266,1554,1949,0.6564367871532354,1,1,0,0.5575813019580673,suspicious
78.96125743638335,92.03228190569678,2.608879686917957,2695,1985,0.6687137440896358,1,1,0,0.7394540018570008,suspicious
89.25647065318672,74.87265888788542,24.38102548237416,1144,418,0.6542056874969608,1,1,1,0.5982355764335099,suspicious
90.61450461042,80.85667915284625,24.986059762125258,2421,2157,0.8664216557562421,1,1,1,0.6773346754858965,genuine
83.2838450320078,83.64432895709041,12.809583288747515,606,771,0.6807448064104492,0,1,0,0.788800533115705,suspicious
87.28797806676626,77.31633187446334,32.54105013754142,1134,1048,0.8620622187733469,0,1,0,0.8488332939003249,suspicious
93.63311478416927,81.59715312418638,21.69484055696212,1933,906,0.7701025185523609,1,1,1,0.7125739404892748,genuine
87.40925641485599,91.63310419336979,21.24282743739696,2917,1276,0.8074828680561942,0,0,1,0.8007773424947777,suspicious
87.91994227179859,86.19143570792913,9.928030729690274,2047,414,0.8198686801940247,1,1,1,0.6608197007985687,genuine
91.82033857960428,93.9791069570028,0.0,2281,995,0.7024298623251537,1,1,0,0.7388953901858233,genuine
79.05803068746617,71.48283464483552,16.444913446548323,2431,948,0.7088762261014249,0,1,1,0.5573056457279146,suspicious
78.93802723139,92.7014547433684,1.2449521113028341,797,1693,0.7728426365974068,0,0,1,0.6976739995980699,suspicious
90.85359886238473,74.51117955484139,12.445437192534651,2899,1946,0.8680277004770256,1,1,1,0.6113925677979879,genuine
79.4873862427174,66.28120515694525,9.917763608198115,1651,469,0.6056107523180392,1,1,1,0.6052345769494871,suspicious
90.79165685307176,81.66454995319826,20.9241147200871,1272,1138,0.7289453966306438,1,0,0,0.6609431948648024,suspicious
92.05440860930996,86.05688771178622,0.0,2663,2117,0.866259712235977,0,0,0,0.6547926786484035,suspicious
69.27462964024673,87.55136003628927,15.83863495966521,1726,2068,0.7821548507696404,0,0,1,0.7155307281045362,suspicious
81.37321642569299,98.14112886572086,16.693003136998303,2170,1389,0.726878528451776,1,1,1,0.6699462604132046,genuine
91.99215041483684,74.34210960061819,13.795084893055858,1425,1752,0.6849879592297516,1,1,1,0.6911377105643353,genuine
71.65112677429548,63.4974425762762,30.089911505731084,1965,887,0.599137679874822,0,1,1,0.4584004499578158,suspicious
97.08897444941118,89.84415798986105,4.82645546854113,882,1847,0.7746228882852129,1,1,1,0.5801570132714919,genuine
86.31370940885178,88.3460661292646,14.529982030474995,1542,467,0.8137267644289469,1,1,1,0.7621779270856911,genuine
81.3185329416689,79.96960753739106,6.661918841420775,1630,1324,0.6421077008354957,0,1,1,0.701122797233219,suspicious
75.80186360325771,98.29148932019277,0.35884545272173474,1120,1409,0.8162732136019193,1,1,0,0.6831400718942925,genuine
76.17369184894935,87.4368087635047,17.270655273494874,2781,710,0.7307303543921129,0,1,0,0.7743227454988706,suspicious
67.94430593228867,69.45623682740559,22.565728670650756,2034,1455,0.6956065759571413,1,0,1,0.631717854389979,suspicious
89.9989503835124,79.63335186530911,3.8745922867261466,2677,2091,0.5902118676762798,1,1,0,0.8740525003539295,suspicious
98.93111289650368,62.10411501954168,37.11348765469835,884,1652,0.6576604645386255,1,0,1,0.4686299061424216,suspicious
78.7567070235312,84.81779413552952,2.3148230257883746,1559,658,0.8273768909502339,1,1,1,0.6720171642245869,genuine
73.43870893402936,86.80877994294906,10.444554045287735,2525,1346,0.6368118794449468,0,1,1,0.6216546140411748,suspicious
68.12199583945679,84.9133460416822,15.39350054675141,907,1670,0.5377657179094826,0,0,1,0.7385478089560352,suspicious
75.75204228137333,97.77476990963136,2.5078747954225804,1024,1328,0.7206093270788013,0,1,1,0.781645634159415,genuine
81.13421807450248,62.770641841363776,45.68407861414559,2809,677,0.7036866818581334,1,0,0,0.6207166166530946,suspicious
81.86985334964635,70.53905901828277,27.232399613791532,801,947,0.6958605327644971,0,0,0,0.5122384259291932,suspicious
71.59545939834857,84.37930347591043,10.29907154783808,1645,1225,0.7137598764984666,1,0,1,0.7316571269820168,suspicious
94.56942254956803,81.89705320829097,17.79585042596728,680,749,0.8460438944769182,1,1,0,0.6266350565932872,genuine
87.80911684774706,60.54204952652911,31.063075255354665,1349,1163,0.7445264908010243,1,1,0,0.2632387893924353,suspicious
68.63938066162993,96.71931768289278,2.771097626067312,2538,852,0.7958239475620544,1,1,0,0.8491194236816596,genuine
92.06840669663546,82.6948111662337,14.685401981453808,1409,652,0.8040472453147168,1,0,1,0.45179251076007365,suspicious
79.03466685960201,90.13169096973525,4.362622944813798,1669,1074,0.7355681418097809,0,1,1,0.7019154155125247,suspicious
89.6084156676041,74.21969309616293,20.825541823287146,2791,431,0.8322288537372973,1,1,0,0.576493452039153,suspicious
74.26837329263603,93.5334435307708,1.3114793848306658,1497,1792,0.7607908118455775,1,0,0,0.7472632185737095,suspicious
82.62624921535486,91.88143306591405,0.0,2002,472,0.6945455431566884,1,1,1,0.7407287572711064,genuine
94.9117437368483,75.28784760843355,26.515518569013757,1803,612,0.7977768535437635,1,1,0,0.6067988937182,suspicious
87.38208634731306,82.20008795739568,9.391799239910991,2296,944,0.8085421090187196,0,1,1,0.7011694238723806,genuine
65.93152102340625,84.81188924438001,12.380792328044555,1968,1559,0.5936383585442649,0,1,1,0.6654474080305842,suspicious
88.51667888168652,75.30959655231487,13.194845810174275,2578,1200,0.7204983676321889,1,1,0,0.9163604641773092,suspicious
79.59588793680027,90.7078863954227,1.8574320681593814,2702,468,0.6328263076938528,1,1,0,0.6845759634657625,suspicious
94.54226678134104,95.80848211679226,0.0,2967,1003,0.623423590331789,1,1,1,0.6197547597395372,genuine
90.60385486093126,79.32789833459746,22.142154954166408,1359,477,0.7573185110953415,1,1,0,0.46542162188332137,suspicious
91.88834947423483,94.0570024068394,12.785299376629624,944,1167,0.8425996414239363,1,1,1,0.8314468406197751,genuine
76.9197027711165,86.43856554443572,10.352617793632456,967,892,0.62844134690256,1,1,0,0.5005122982805399,suspicious
91.98733760203254,80.7728419612013,10.663764418411187,2469,2015,0.9100795709123026,1,1,1,0.5010130306337705,genuine
60.43697520162194,91.69941916608904,0.0,2673,1043,0.5383528727740551,1,0,0,0.5711442670031739,suspicious
96.16589244260561,79.58225220074368,20.881329138645025,1103,1461,0.8970363759616828,0,1,1,0.691515071613921,genuine
71.32086627483898,93.2929167241918,0.2944129727410827,1701,741,0.7303115256675242,0,1,1,0.9060282197562968,genuine
85.37061532673374,97.11895728012661,0.0,548,1265,0.9718132241886768,1,0,1,0.6636780807242437,genuine
78.73691058046425,92.97097103460169,5.476615674578214,1949,1996,0.7874044921800889,1,1,1,0.7944127410723382,genuine
88.22894761937513,85.15746981833215,8.793017798315095,2254,445,0.670679748942614,1,1,1,0.3648262669375939,suspicious
52.917267582530286,93.36390069081156,0.0,895,948,0.6617213194734718,0,0,1,0.6575417944100096,suspicious
78.32230602685812,95.32477177527684,0.0,2817,1043,0.8832134654099483,1,1,1,0.8348951636380197,genuine
53.52171156152507,88.18104674320584,11.220017151970165,2656,1243,0.4265667604552259,0,1,0,0.6679718155609287,suspicious
96.2456361745583,76.92480735950375,12.716555131514255,2894,1143,0.8690389661559803,1,1,1,0.7346819218511838,genuine
77.69634486093274,78.65337647374578,19.581777667565312,2846,2190,0.7704848706269098,1,1,0,0.36124418079270293,suspicious
83.27873690214192,75.2578898411025,19.58230176451021,706,656,0.7124302600629082,1,1,0,0.513865983492912,suspicious
86.94542782497908,80.25296364127414,22.143071033164702,1619,857,0.5720213170425714,1,0,0,0.6963532889936882,suspicious
80.23340714149577,86.67453820283542,4.169080759990496,1564,1248,0.714526860687737,1,1,1,0.7462197093263156,genuine
69.82511645556258,87.00353388382612,11.376374379665483,550,1514,0.6248865545041306,1,1,0,0.7580605012739873,suspicious
92.86191774924116,89.92663889012721,12.022942961522329,2840,546,0.9508011316404706,1,1,1,0.744314506152677,genuine
89.43497290416899,74.79555337169673,14.51981256990516,567,1744,0.7612289038648842,1,1,0,0.4610694872153923,suspicious
97.88739902297421,91.19279303085644,14.495828016310535,2239,1349,0.8312651828878072,1,1,1,0.6360485640533584,genuine
95.17953561376939,88.29236589123434,0.0,1256,888,0.7924768987004288,0,1,1,0.9843051067062947,genuine
88.20942519711706,71.15034711384949,15.806652685755402,1994,1085,0.7772969409092098,1,1,0,0.4180775052840515,suspicious
78.88614601920139,76.721460726539,5.533090057137372,1730,503,0.7091130563410071,1,0,0,0.4439031655223546,suspicious
98.21342809420537,76.53759200361597,12.445681184018582,1050,1596,0.7665356684238033,1,1,0,0.6938877008800981,suspicious
91.0652403379273,91.23307390803416,5.4931061808907105,1582,1825,0.8411283969150626,1,1,1,0.6027522378932897,genuine
93.5138627129547,92.57173129721824,11.391706560269954,2270,2198,0.794689041198659,1,0,1,0.9556394832073019,genuine
77.55592119152756,90.1257705929037,6.318639694604491,1922,920,0.5220471315307746,1,1,1,1.0,genuine
83.09320918655737,83.77092672323042,8.004188925364298,1062,889,0.8029750087846419,1,1,1,0.6412546622261452,genuine
75.11614533083507,83.43256412525929,1.5810173327628103,1143,978,0.7426910830637521,1,0,1,0.7045947704758,genuine
85.90708875667022,86.2283544486629,1.829483645644384,2240,637,0.7899460931341915,1,1,1,0.47086795745318943,genuine
66.68957273960402,90.45359514029525,9.331245298361644,1024,1146,0.6242187928508367,1,1,0,0.8474213888970414,suspicious
89.09035431352012,97.16719416596015,8.294787703816993,1989,624,0.8162404752476513,1,1,0,0.5087011396371314,genuine
76.0096013449976,87.51052268768771,6.432554374799577,2936,470,0.7783813272538411,1,1,1,0.539339811104772,genuine
88.70605161461994,72.02224515451005,29.460417793889768,1939,1011,0.7061000154533277,0,1,0,0.5904090322886373,suspicious
87.81616787979574,88.29969087976379,2.12581004662308,1201,1933,0.8603259835899996,1,1,0,0.7721163949843725,genuine
79.5240834922142,82.3719797896794,10.487230826120445,2173,2148,0.6048486808525695,0,0,0,0.48090808385553985,suspicious
87.40409922433261,76.11398481025117,15.77149233384695,2867,1954,0.7718646152995612,0,1,1,0.5438078440598879,suspicious
72.6020256419741,97.09324602647544,12.885961998274379,2122,2125,0.7167068777420901,1,1,1,0.577357244403992,genuine
62.01692199082831,96.39840445930565,3.6368105431274276,1929,1969,0.7243208031102819,1,1,1,0.7331439874376137,genuine
92.3335595510063,74.0773577144829,6.852952189334031,2035,1577,0.7118471770156741,1,0,1,0.4965283516889035,suspicious
86.75220433349527,91.89449503928546,12.740708857348993,675,728,0.7288407539180526,1,0,1,0.6588722841584348,suspicious
93.39820051730862,79.78070122878808,28.08596711480415,559,1861,0.6949805105896808,0,1,1,0.7163915637130307,suspicious
97.0420786678225,85.85906511106015,8.857516111995398,1988,2158,0.8000824176244173,0,1,1,0.7206608235349584,genuine
94.68770433837702,83.49528166823428,6.098962473500778,1695,1294,0.8446417200887792,1,1,1,0.7353046876549638,genuine
82.95321113758062,90.31049480940221,13.316930795739225,2964,1591,0.6211446339558429,0,0,1,0.706979876448999,suspicious
91.61233613840787,84.86963145762135,25.09762886380703,1692,1091,0.7722212627650865,0,0,0,0.7649889471378276,suspicious
75.18945715328215,84.86559674381279,17.29192471981084,2600,1467,0.7497586915932157,1,1,1,0.6747132292094348,suspicious
90.37410404364184,92.34268661715856,0.0,2148,437,0.8100580415713629,0,1,1,0.6797752253360655,genuine
94.95913086763576,84.70651854978313,16.752883795269554,1259,1700,0.835017089338528,1,1,1,0.7461205782022798,genuine
81.38369783620675,97.58393552456424,4.641500071015939,2658,1337,0.6524659402539813,0,0,1,0.7298608823936703,suspicious
87.18813688207707,71.88979828802749,14.400239019904781,738,1761,0.7384437382428872,0,1,1,0.535579692563264,suspicious
95.48330921833518,83.68025146341921,21.26153632408067,2240,1074,0.8321369814390779,1,1,1,0.7976343864236486,genuine
93.45752067300063,96.75977750411424,5.498624913368406,1651,1149,0.8362749277150064,1,1,1,0.8909687452117421,genuine
89.48105494793984,84.6048060284874,20.751105626595972,2308,663,0.8053630157462255,0,1,1,0.6411818828730823,suspicious
87.6393693659042,80.85798642996141,6.926177126731817,746,1451,0.7470708307626186,1,0,1,0.7516067420521916,suspicious
89.82760444517099,85.33985611864345,13.786552121572582,1005,2057,0.7607460743188565,1,1,1,0.5293381895550053,genuine
72.98664875976985,92.97471108936405,0.0,1244,1453,0.623668325739225,1,0,0,0.7088370464814466,suspicious
66.87351883711956,74.4414835558461,20.902556182538035,1914,2014,0.6987385104467655,1,1,1,0.5053157644736064,suspicious
95.5602955125428,80.4635245437035,24.992934744006618,2796,414,0.7241680645044539,1,1,1,0.6434981358846346,genuine
91.10549110073106,80.28815159906212,4.798962179298515,2769,1728,0.8055418311746002,1,1,0,0.7304555313992774,genuine
91.97766600686636,90.29911848952017,0.0,2134,417,0.96865839124216,0,1,1,0.7890742057194804,genuine
94.97966477892295,71.34659914904296,28.178373373980733,784,1174,0.8838491212228304,1,1,1,0.6211283799208908,genuine
96.97209806141878,85.83371470497072,10.525854546765807,2459,1247,0.8856521031771508,1,1,0,0.7031687165375914,genuine
94.11842220608003,78.8475999508158,24.063142619956004,2624,1243,0.8288681174618492,1,1,1,0.6116565422018534,genuine
82.96772960942454,89.56684355580579,2.17387390840583,1852,1405,0.7529856514902806,1,0,1,0.8606772264547019,genuine
87.94908383496156,87.99729558953926,9.360362457324579,665,1782,0.7195543222197877,1,1,0,0.5183950502235978,suspicious
75.50097294497078,97.71324248298045,6.531969877171465,920,1673,0.7147329205130919,1,1,0,0.7016935457347849,genuine
89.3952806041126,81.34789874392692,15.460477272336492,2517,493,0.8304291223329862,0,0,1,0.700137038342137,suspicious
86.63214534003633,76.88520809747675,4.8148626262568754,876,1755,0.7864991607791177,1,1,1,0.7984274453499032,genuine
60.61142561210644,89.22082420443948,27.842569640203017,1347,1116,0.6801241264540744,0,1,1,0.6722661428403457,suspicious
71.04592771551646,75.95576606746047,19.51944682272225,2415,1454,0.7492616945230732,0,0,0,0.5763346067796801,suspicious
65.47280314172268,81.94770576760136,4.156301075543356,879,2054,0.61776591100994,1,1,1,0.5007914108863329,suspicious
77.11526974292168,85.23259200857741,13.274955241348636,1573,912,0.7296788521770077,0,1,0,0.6168785141995619,suspicious
89.39736591231444,79.47373339825165,18.39871525538775,2211,1495,0.6278415028754893,0,1,1,0.7207775471505946,suspicious
93.56796021436489,95.08865484534178,10.640973888067414,1750,1515,1.0,1,1,1,0.9502244767021654,genuine
86.90737376569129,72.20434749993645,27.336753682459875,2693,1306,0.7123008854111763,1,1,0,0.5424405028439926,suspicious
78.30148846319568,88.47630629909646,7.145858457901991,947,867,0.7822858429194789,1,1,1,0.6119335359011447,genuine
86.44735808631543,88.01902465687282,0.0,1931,1746,0.7487932100891035,0,1,1,0.7125223469898556,genuine
76.01666029870059,52.80846759854187,38.623190523721,1404,1872,0.5911098318129001,1,1,1,0.22870613277396581,suspicious
84.48033184647511,83.13728397038743,1.1501246419013853,1899,2101,0.7380052137309199,1,1,1,0.8133681077639596,genuine
85.66274950358768,90.37999967408521,15.721712466735156,830,1162,0.6831483773507381,1,0,1,0.575352042230179,suspicious
93.0044974018169,95.7585812231201,0.0,2217,637,0.645508674422977,1,0,0,0.8037237207906643,suspicious
61.210066296604424,96.51158271020756,7.061035309932914,1011,2011,0.7319195932722223,1,0,1,0.8079719583430556,suspicious
93.74782909547413,74.16430769910873,14.783587542761417,2523,1498,0.8384278629283834,1,1,1,0.6686433146961471,suspicious
83.62704908759943,78.25959338630518,12.861055325408536,2723,630,0.6659564138779355,0,1,1,0.6567478004429629,suspicious
91.71823851133755,86.48764423287743,4.527478109182454,1351,1800,0.848540497347137,1,1,1,0.6922266886685828,genuine
83.92210205696591,84.11539894092567,16.926021483030656,2292,1670,0.8216968804817106,1,1,1,0.7243550279792697,genuine
95.14146345595944,93.09676405573899,0.8279980931587909,1866,1899,0.7957197999852392,1,1,0,0.8449368564210469,genuine
64.28494904789359,86.42352196937094,15.562083140309836,2630,1173,0.6668588102643013,0,1,0,0.9069629523427133,suspicious
88.61573629048992,78.02021583453997,12.318505612998393,2816,1252,0.8515970883214983,0,1,1,0.49185935322194996,genuine
81.20631772309558,79.577290817771,13.697104119134263,2686,629,0.6117161055792092,0,1,0,0.41593252092967326,suspicious
92.02988054349055,89.42570593717343,8.179675126834622,1149,1173,0.8644313830660549,1,1,1,0.5297784809129871,genuine
98.9438840896002,98.00986205523228,2.5693546999807957,1974,1406,0.917310875257686,1,1,0,0.5664859144636072,genuine
86.34909969581629,89.60165206186593,1.329330611728727,732,1961,0.9357093317428519,1,1,1,0.5728513506780614,genuine
84.78281576259882,63.746944536485366,32.11644514274548,1260,781,0.7550184840975451,1,0,1,0.3507819828163057,suspicious
94.10588444571648,92.78829493810758,3.5094043548201714,1407,479,0.8107885102877662,1,0,0,0.6923423305771581,suspicious
85.32171220754432,56.525409338718795,36.41324815709946,1731,926,0.6722895335476667,1,0,1,0.5548179780459517,suspicious
79.63532387435234,84.12942677101591,11.789332033748742,2581,762,0.8898246667139157,1,1,0,0.7482136592652521,genuine
81.81359647196544,85.52159119111316,14.963983909639413,547,1221,0.7172043143721207,1,1,0,0.6095049592478992,suspicious
96.67602027065183,89.32179118457869,5.12926437570494,1733,1672,0.8985903005089783,1,1,1,0.6502712565363109,genuine
90.9065679564367,87.34885052287586,3.9611754787225015,2544,1056,0.7901943739335155,0,1,1,0.9400839632586115,genuine
78.251604248857,98.3382908029066,4.234289538892485,1076,1016,0.8409821153945138,1,0,1,0.8580805239745117,genuine
95.49260497046158,81.51340647498654,10.408808293165315,2507,1100,0.9149390535261501,1,1,1,0.6728321135393133,genuine
98.12859217098082,79.56721301702974,25.53609538545046,692,2160,0.8349404601071282,1,1,1,0.6511179170929554,genuine
85.67742150397503,92.22947216575714,6.301492791164132,1771,1115,0.7549360255575769,1,0,1,0.7031261315096534,genuine
89.01015360908721,78.83584561925704,6.2576968409934,2967,1690,0.7412069681135984,0,0,1,0.8710633246518054,suspicious
95.53835670765446,69.73497289189629,18.60050865715632,1444,430,0.6571559363302084,1,1,1,0.535098166102528,genuine
73.55690548559728,91.18126020316242,0.0,2100,600,0.7141177507610064,1,1,1,0.747365571125266,genuine
80.88651198827478,89.21458884581894,15.599489828307291,931,1061,0.7552305004991077,1,1,1,0.5158586639971918,suspicious
76.32645638970757,74.75752318722353,24.34664175959274,1555,1360,0.6177252188080594,1,0,1,0.5216962868351934,suspicious
80.96923644297303,91.2024755039117,6.170840300043101,689,1108,0.6075213354787223,1,0,0,0.6635336734983478,suspicious
97.26181375069456,82.21743565254121,15.367439184396208,789,882,0.8542482181892546,1,1,1,0.7160947217316508,genuine
45.950006123324656,80.01006242114617,14.378697083922864,1312,1467,0.5253100364715727,1,0,1,0.5470542096404793,suspicious
97.19509340886123,95.3834596433942,9.48521962224737,2954,868,0.9017983754670578,1,1,1,0.7688651255389006,genuine
94.97171461186954,83.94552181899186,15.679680135521735,2844,1266,0.7479848727096621,0,1,1,0.5988015904319115,genuine
67.97269689632333,79.71072341178751,20.116787370717542,646,599,0.6728411851900484,1,1,1,0.505608827319958,suspicious
88.5525707953964,73.10514689523114,18.828217967319816,671,710,0.7440679765487284,1,1,1,0.44788604218264355,suspicious
83.16978441142201,82.48322805402789,8.716660326561742,2219,2031,0.8159707010730025,1,0,1,0.6390581677367391,suspicious
90.85177182162948,85.83239396708555,15.281146119855272,2873,1458,0.727131823607051,1,1,0,0.6990267215470679,genuine
96.78171822650123,94.18762858403443,15.218661002973578,1765,951,0.9565664968996506,1,1,1,0.7302540224843421,genuine
84.7074908010989,77.15701691744687,24.874310384448904,1822,463,0.8642901430706149,0,1,1,0.5173125758940028,suspicious
87.32452320743627,84.01249433403967,23.06224017663132,2004,1804,0.7869269327247879,1,0,1,0.6555692063039662,genuine
88.64421481504088,92.89637923529436,6.4619385156471205,1602,1000,0.8407222651877458,0,1,1,0.7044456327282159,genuine
84.86046852572379,75.57990033030487,11.525137105865074,2362,1220,0.8032542020468946,1,1,1,0.47961512375577864,suspicious
78.02987550731993,74.02849232611409,13.310320638183104,807,1516,0.6102092574293068,1,0,1,0.6021980496491384,suspicious
90.90082323680524,76.99706295131719,26.909191705108192,648,534,0.7444468337942349,1,1,1,0.8332157351297189,suspicious
94.65428109053623,80.05541494154656,1.9248341407482261,678,1523,0.8301293262146127,1,1,1,0.6224933522784154,genuine
74.91129361374195,89.47148164752905,18.429685704063722,1056,2196,0.872753673917419,1,1,1,0.5404421823210127,genuine
89.93206547809483,74.20414866884713,13.83344581158245,1861,724,0.6743802935505139,1,1,0,0.7698585600907306,suspicious
77.28361753884897,76.39372041559652,31.168439466795014,1156,2086,0.8243457794408589,0,1,1,0.7620043443260924,suspicious
83.56244685654069,82.4300732981662,12.683232484608064,1997,1010,0.7337729772049701,0,1,0,0.8313438719064602,suspicious
74.72425940171334,84.01622530820832,17.04582677463824,547,414,0.6929932908725269,1,1,0,0.66706371958964,suspicious
99.54883825469037,90.24739477414911,24.00977870725186,1585,1224,0.9701294837654527,1,1,1,0.6279526175754996,genuine
90.48842386170352,80.05534255379257,12.647458477266,868,764,0.9500290700248724,1,1,1,0.5332796430395108,genuine
91.32567984028458,97.56432292750111,0.0,1218,1140,0.8713553896118628,1,1,0,0.9174614925640798,genuine
96.66761382755817,90.63134902223511,2.1626138398052506,2117,707,0.9480976213453367,1,1,1,0.9177562676889941,genuine
95.63795933152286,92.2860198579225,0.0,533,1634,0.7787371737264657,0,1,1,0.6278433874329065,genuine
96.82988022883339,73.41933336763991,17.62672972562326,2426,1057,0.7705850913102853,1,1,1,0.28494187187028175,suspicious
91.044571052977,72.65964036924696,16.621383686554545,1166,1733,0.6652430008831491,0,1,1,0.5791428060445677,suspicious
85.28338016391322,84.5644856426036,2.8248370191217127,2653,778,0.724506138405082,0,0,1,0.5680048577778731,suspicious
91.27116580650255,84.32836013126412,10.280362144306118,2287,473,0.8493022614385888,1,1,1,0.5897549357903582,genuine
88.9476177000893,92.4594320055853,8.803931981833228,2762,985,0.826279731828526,0,0,1,0.7110891666431581,suspicious
80.85612366868621,89.41428143329452,1.6679511185291664,2015,1742,0.8872687239279402,0,1,1,0.7644990783168809,genuine
68.29721456421765,77.6221083903182,15.646270074175087,1524,2170,0.8023640484896905,1,1,1,0.5272612300685762,suspicious
95.61378731687374,92.0781355130561,15.78692968716439,895,1982,0.8407646031162661,1,0,1,0.7529542681170551,genuine
82.45731232310719,91.79802548171155,0.0,681,414,0.7110928409947935,1,1,1,0.7192457027696018,genuine
93.96164507658787,86.02850809940446,24.000289703002913,2484,2045,0.9186248351980368,1,1,0,0.41158627656328445,genuine
91.14823816574555,97.06206484899255,0.0,2112,1118,0.9362566013805165,0,1,1,0.8418935355723247,genuine
79.4778160462683,57.09643160041607,33.58400500803568,871,500,0.6946467338446572,1,1,1,0.40265086275931783,suspicious
95.16111734819317,83.53526074765708,21.302696599132865,738,828,0.8838302996042917,1,1,1,0.5166185754319147,genuine
61.92193138616296,68.82589091306939,34.47096331592447,2489,1991,0.618489496882425,0,0,0,0.46348737111608623,suspicious
90.41349959124928,95.90061257691852,6.36328549260576,649,1480,0.7483387436124032,1,0,0,0.791560784942147,genuine
89.71797917483786,83.15085046084751,7.775323529939565,1782,694,0.6935582634794385,1,0,0,0.6707547774789159,suspicious
88.06951193239682,98.04980143780092,0.0,1312,1837,0.8135041792435181,0,1,1,0.8617303201452192,genuine
76.461055389735,68.9316449844293,19.27701933179782,2293,1009,0.653252736877339,1,0,1,0.6038431898986218,suspicious
85.2952852174281,75.37608416515191,31.69273268038725,644,615,0.7650150688738229,1,1,0,0.4624162605415142,suspicious
68.01991227079765,94.39589291441989,1.5210617716059422,707,1087,0.6676211758585511,0,0,0,0.4006500219976891,suspicious
95.07132040688668,82.2811781525563,15.554508274174335,849,1781,0.6874053519556831,1,1,1,0.6727580682868965,genuine
99.44707213509864,83.47662947376122,5.086227303360555,2353,938,0.686122082502646,0,1,1,0.7435271807483923,genuine
83.02332793447243,93.98294341645767,0.0,2281,689,0.8336034234247369,1,1,1,0.7275702303021117,genuine
85.68536835792526,88.25701231716639,8.99198633048204,2304,930,0.7245741876511554,0,1,1,0.7853286353958701,suspicious
92.94253757961322,64.80418101655779,24.123653836265962,1939,1832,0.7475669943825353,1,0,1,0.39823630997651777,suspicious
91.48625528843814,89.73609474491285,5.9359893328175035,938,705,0.7743629242581062,1,1,1,0.6763664704327307,genuine
60.5086560995513,84.55304768671829,1.2317255093358597,1068,1230,0.5316449556826651,1,1,1,0.5659551869343294,suspicious
82.94663791651877,74.4361701273514,18.658461493677663,843,1586,0.6500554238746836,1,0,1,0.6791651113508648,suspicious
87.67358204916792,84.0237145231011,22.827105274108504,813,512,0.8615244795048275,1,1,1,0.562941620729619,suspicious
75.35073415359531,95.31358339507334,0.0,2372,1445,0.7089317050050806,1,1,1,1.0,genuine
86.16961250169928,92.3098901808556,12.049628818632142,1642,1807,0.8416583503877956,1,0,1,0.6782398271885285,genuine
77.86257666402125,83.860264249943,0.0,1540,1504,0.7772842013930593,1,1,1,0.7666638040464415,genuine
84.67754083308955,91.28645443420127,0.9187428064094041,867,733,0.8039452831811664,0,1,1,0.6715941566679976,genuine
72.90495651112573,73.5019698426237,6.500788035999365,2119,1338,0.7218006200149839,1,1,1,0.7485303390981506,suspicious
66.44476098043003,71.27151906573852,30.199786756630346,2579,2025,0.6112144789667054,0,1,1,0.7261132496996787,suspicious
88.68057201479911,94.43984205731051,10.321562531754457,522,797,0.9216285543186014,0,1,1,0.7166668199898647,genuine
86.53448462954024,60.36380284796265,22.486814973111205,2830,689,0.7792569694499852,1,1,0,0.5158743514641656,suspicious
84.21192194230593,86.1009602143576,12.449219897650167,959,1455,0.8391453485661426,0,1,1,0.8416825991473108,genuine
79.08572278230004,97.71356042343311,10.126795687462089,2779,1152,0.6832596854010635,1,0,1,0.8182280708324813,suspicious
84.89414967481467,79.46273465637064,24.903290834682245,2365,1577,0.7715283124796161,1,1,1,0.5252147970250207,suspicious
82.97649053213667,73.37381259743091,17.129105925114292,2726,1486,0.5759798695362636,0,1,1,0.5953984181607879,suspicious
91.22022892225618,90.89207803105857,0.0,997,493,0.932243518262964,1,1,1,0.6373499219215129,genuine
74.77105109160962,90.7315538013991,0.6615548837102514,1910,1705,0.6629745715560335,1,1,1,0.7439718052841504,genuine
85.09345112500795,72.10950760670704,26.280881459439417,700,2178,0.6946050415799587,1,0,0,0.48237934172695424,suspicious
82.55525687558088,69.5508880171823,37.529093204121935,1619,648,0.6010973445930742,1,1,0,0.6011437804581838,suspicious
94.0708429759548,91.06274272452539,6.322667945605668,937,1444,0.8362156037955099,1,0,1,0.5138469252304948,genuine
92.08091931714397,92.03308165176128,1.7274362611914533,677,1073,0.8071485027097804,1,1,0,0.601626978690386,genuine
89.57762621205984,67.83568097490698,40.91876968201282,2581,1549,0.8976595861226028,1,1,1,0.4474986097540713,suspicious
83.73675649484767,96.01672483676444,5.827584955121067,2390,1462,0.8530695602657252,1,1,0,0.7489081080206512,genuine
62.032796410579614,71.41919822807637,12.841225287675428,1366,1425,0.5405890831950416,1,1,0,0.3899037623291798,suspicious
86.8691840644138,88.86722193691267,7.517230206738046,1536,651,0.6535191150919694,1,1,1,0.6049229986624238,genuine
96.03004490013235,74.15928798733735,26.380027536275776,1825,1643,0.6268998708396837,1,0,1,0.6866488272107742,suspicious
75.59585627838447,82.42151272513301,12.691246165885874,2017,1610,0.615326585226449,1,1,1,0.7670319076838251,genuine
91.61880386141908,78.66451762974292,21.562135877396035,1944,1582,0.6856861953639265,1,0,1,0.325281170142643,suspicious
77.77177804969668,91.30888459019675,0.0,1263,746,0.7616778423119355,1,1,1,0.6600616005371663,genuine
72.31649216366739,71.79289785765626,11.116107609096408,1431,1839,0.6379436816311165,0,0,1,0.727323522448551,suspicious
92.47720396454427,76.91687640519234,12.168350387100007,2973,787,0.7947801188664199,0,0,1,0.661659638368248,suspicious
96.13657280332657,88.97671613310985,6.2921091761508166,734,690,0.7714157608758425,1,1,1,0.7606955878278584,genuine
82.78705799596334,77.48889564800614,19.220970010097144,1511,990,0.7440007076730033,1,1,1,0.6876088216408085,suspicious
77.90203623067853,89.68065618501929,12.19682957504304,1142,694,0.6169323574947361,1,1,0,0.6023736003039034,suspicious
91.22920627089583,86.43060293129425,27.43984448938755,1110,1001,0.8020023553657027,1,1,1,0.7171284864325423,genuine
91.73427579048845,71.98126503567872,15.844153671310234,894,795,0.8426457282642428,1,1,0,0.6324581790568751,genuine
92.71951374523795,83.64398794964654,10.069086044025141,747,543,0.7825521866590628,1,1,1,0.682001511063874,genuine
88.59335335350065,89.9148296080129,2.5892910929534585,2774,2135,0.8361353767432497,1,1,1,0.6720826842613005,genuine
95.1312486285422,97.15002228890188,9.693201692067973,2676,1621,0.7030789895221354,0,1,1,0.771429834523621,genuine
89.99818499765898,84.09988362759213,19.862740029358427,2350,1043,0.630671127800726,0,0,1,0.5359817162936162,suspicious
86.54098944627847,81.94400367962983,10.40840860590086,2819,1087,0.7935571394475979,1,1,1,0.7292508292338845,genuine
94.79786562748183,87.13144672329038,24.11163578295647,2558,969,0.9177762668478194,1,1,1,0.5248114155261108,genuine
92.94047278981805,77.17059487017269,12.159760871311054,821,1748,0.7779808424295588,1,1,0,0.5194136494406149,suspicious
94.90086498652532,97.5050017893133,9.08067384751042,2531,812,1.0,1,1,1,0.8618542175314265,genuine
77.71958172946181,85.73343408885508,20.881582360361875,2520,563,0.6040390256040026,1,0,1,0.7206982408946108,suspicious
87.14955774935683,75.11892417489231,9.129748312860583,505,1267,0.6998707311329494,1,1,1,0.5428533627974772,genuine
76.78606588938575,86.03104893813831,14.520139334802595,2698,800,0.7253943864704253,1,0,1,0.48275290942897453,suspicious
92.41068838862554,83.64228764355705,0.0,2373,2030,0.8469251814084497,1,1,0,0.6636023787622607,genuine
89.25239006883817,65.05378625827368,31.979146795729644,2985,1045,0.6960627850511466,1,1,1,0.4448091407795874,suspicious
93.26037333200323,93.37718046250917,0.0,1705,1614,0.7548941778599857,0,1,1,0.8046675176104744,genuine
81.84267561764892,85.83548839137107,14.59567100444707,2356,1112,0.7961871417119772,1,0,0,0.6246890082721868,suspicious
84.17888703836897,88.73027748930275,13.737212558817433,2437,738,0.779647711950339,0,1,0,0.49976219611231365,suspicious
87.88249406963008,98.64179126680588,8.859625906789596,2166,972,0.7902710078429522,1,1,0,0.623086514908119,genuine
95.44146253404803,91.43638925087566,12.654215512316991,2900,1908,0.8888656442690047,0,1,1,0.6802517701386009,genuine
95.93717885409771,92.73988066768473,5.8363544463977215,856,542,0.844533536229788,1,0,1,0.754971071256579,genuine
86.18040427360457,77.79655237549613,13.98925014028275,1394,2102,0.7434846340614477,1,0,1,0.48270597516822705,suspicious
96.77749621126382,86.7953099296297,9.38279224275956,739,438,0.8319158457051539,1,1,1,0.6033442586929536,genuine
95.90450023749005,80.49031172136341,6.820255606657475,2012,1684,0.7589204105671965,1,1,1,0.7390193125896196,genuine
94.56499025204519,93.68392973336177,3.255237053623679,561,1644,0.7750627824132957,1,1,0,0.88262877166661,genuine
89.48950160995791,92.51001241400996,3.582621151464279,1261,1469,0.7709006059290824,1,0,1,0.773309871156297,genuine
93.49159496227162,57.809365632941386,26.125446318441384,2349,520,0.7547844591774547,1,1,1,0.42827049281822527,suspicious
76.28341353817677,93.28174888077451,0.0,2735,1609,0.5793446797073617,1,1,0,0.6716842620565646,suspicious
96.94785520928816,83.63129743400314,3.3379741012679016,1055,524,0.914818878568128,1,1,1,0.7337572978472195,genuine
83.75945179824333,80.98115149964335,0.0,1135,1725,0.7483646160359136,1,1,1,0.6098849711039522,genuine
98.7610625117673,73.26045846660332,17.89950180679755,566,1796,0.7398908867926597,1,1,0,0.6964989665560983,genuine
88.1178832950709,70.31169623225529,24.789718363906427,1378,1947,0.8778730957694282,1,1,1,0.6792156713756946,suspicious
80.72751065800317,95.44202590017979,0.0,2258,1099,0.7666772703444228,1,0,1,0.8127454723667563,genuine
89.79284992615736,81.67769243780032,15.398734130515406,2720,1586,0.6810358493008798,0,0,1,0.5937070456118934,suspicious
88.05367536498093,81.37659065473233,13.110237881192225,1552,733,0.9015280396174838,1,1,1,0.60056653619768,genuine
86.46639768294112,83.09252500710045,4.443315912652368,752,1357,0.8781523505063915,1,1,1,0.467495897236483,genuine
97.6742004036066,96.61549854383802,0.0,1302,1697,0.8037185682704819,1,1,1,0.766605319934566,genuine
74.27014885535282,96.38937840102658,10.063595355751389,1735,728,0.6978910041146942,1,1,1,0.7610719975393114,suspicious
67.21654438866115,86.87434555483917,3.0249174087595367,2015,1897,0.6174864491123305,1,1,0,0.5296916494340279,suspicious
77.05865540223742,67.73525627173765,24.7505153264588,1953,1073,0.5190619013456742,0,1,1,0.8255805383598491,suspicious
92.40861917004322,61.78569024690317,31.08690365006966,2501,2066,0.7810952506940639,0,1,0,0.561035140384438,suspicious
73.42946704381404,86.1527953292727,4.629952358072105,1948,552,0.7602851565412009,1,0,1,0.5883688830505668,suspicious
93.54914784775771,81.2933779293067,21.087863592158733,1508,803,0.8638540108820821,1,1,1,0.8968500591410674,genuine
80.36641662450513,79.92079806228497,17.886288066785518,800,1712,0.7248040072321621,1,1,1,0.5798404993964783,suspicious
68.95751273373808,71.87272860314677,19.33207697915173,2841,750,0.7032783791001732,0,1,0,0.6746225133832896,suspicious
99.64650181022917,80.76370672449016,30.969903260054863,598,2187,0.7587838612697173,1,0,1,0.6566255645339292,suspicious
91.70492854703483,71.7874479266651,28.24746311529723,1322,2094,0.9210131827254304,1,1,0,0.5188885576538527,suspicious
85.22679415084698,77.38491203125454,5.1581897767442495,1542,572,0.6856698735281072,1,1,1,0.5786463094600791,genuine
87.55209000210601,72.14007629057255,18.17084095080691,2726,1922,0.6965581638062464,1,1,0,0.7495188149279558,suspicious
49.523047105997826,83.03524487351754,29.990064599303544,1635,1192,0.48347065738013856,1,1,1,0.7694295674984302,suspicious
58.214548267648425,60.67125376517072,22.62128934173529,1533,1916,0.47822096096412703,1,0,1,0.4706814445287758,suspicious
91.97411913855656,71.62986458682514,21.7419381097022,2857,1660,0.7614885113498976,1,1,1,0.3270000329996716,suspicious
95.76977921027917,70.331350939391,30.868440431840803,1412,963,0.7798163568508466,1,1,1,0.5991821544614859,genuine
96.85556356087862,97.81673374025456,6.203700808744985,2389,453,0.8844741962672207,1,1,1,0.6329568767739913,genuine
87.87284567206018,89.67120507950048,13.321881610420135,581,970,0.7298557384198432,1,1,1,0.7820007966986242,genuine
84.66592549584554,59.34431569200214,35.65490281061532,1997,1191,0.7120176534346147,1,1,0,0.3890680542863835,suspicious
89.74481269685072,93.52670724953997,5.032718649438825,2321,1363,0.7299238671423581,1,0,1,0.6750822909413415,genuine
64.96254587528142,97.08100577885743,0.0,1025,1831,0.7235570402353416,1,1,1,0.7000778968482644,genuine
84.48065182765562,82.59211734207824,16.09926134086814,2399,1871,0.8132101368512543,1,0,1,0.7831987271359412,suspicious
97.5818207408888,81.21844273643023,11.266731558031621,2754,928,0.8368649888217038,1,1,1,0.4377954282947789,genuine
86.96089244466586,90.81284961526134,3.5209043825346242,633,750,0.7403021552202645,1,1,1,0.8150342246046334,genuine
85.4225790120489,75.53167161454272,28.728549499049077,984,1588,0.7689666076267554,1,1,1,0.6453294657312421,suspicious
89.50123389436737,97.17168043337105,0.0,860,1737,0.7536754483892951,1,0,1,0.7686571974495013,genuine
99.04482356118181,97.68489956413181,13.67923814374755,2869,1493,0.8907668205649284,1,1,1,0.727713385237391,genuine
76.19014023776383,89.12079228959931,9.956770170842145,1228,1510,0.705892669665109,0,1,1,0.7713441790696884,suspicious
83.82493608891039,93.81318286919844,3.5260787277830525,2865,1660,0.9897877164440547,1,1,1,0.6977028487648335,genuine
89.25545400427288,74.20722833941615,6.621646678075182,1450,1136,0.667514320597533,1,1,0,0.5397693053142506,suspicious
94.94074981642089,90.42409756248216,22.020916923707365,2945,832,0.6297903211747229,1,0,1,0.7310432108604857,genuine
80.32904366349504,89.14458261509861,8.099776151894972,1905,1821,0.6939938049020049,1,1,0,0.9195273281769418,genuine
81.5551795458075,80.76476108714859,0.0,1207,703,0.5947780402341332,0,1,0,0.46457351609440956,suspicious
88.2559869169701,78.46027264288084,23.068874942828856,1771,502,0.7116790076915931,1,1,0,0.687766683517804,suspicious
97.32716850134962,67.9921268036928,23.654562212970696,843,430,0.6987985812568711,1,1,1,0.5267719172628209,genuine
97.85988840785863,94.15640647952422,0.0,998,1111,0.7991202378471499,1,1,1,0.7267797553220501,genuine
93.14961715906618,81.54690746574067,20.35810330456878,2072,1265,0.7241470074774223,1,1,1,0.469138703203772,suspicious
72.09802310529544,94.63979635140363,0.0,2383,1376,0.7822727597107125,0,1,1,0.5464243044226169,genuine
73.831115435627,77.50139716926627,11.875285762766831,1557,736,0.6697733850671368,1,1,0,0.6608030112779965,suspicious
93.31419426992873,85.72083960013698,8.613553551213247,2637,1169,0.9068805860062306,0,1,1,0.5334456470196184,suspicious
97.0635729276369,87.17008769462299,15.587749858808266,1471,1572,0.8520769619998291,1,1,1,0.8193251906785379,genuine
84.27178193531635,52.383312109007434,51.39427673136497,1435,922,0.7530120566892123,1,0,0,0.2971634415512694,suspicious
80.74055500155617,94.91082053966022,2.103502903678601,1891,1389,0.7379190505842835,0,1,0,0.8254037966842892,suspicious
94.31082637670119,71.53542998712501,24.568036873268273,1485,894,0.9194231088597563,1,1,1,0.5031571168407217,suspicious
70.38878876066424,90.44331829085772,26.406229345408775,2224,1901,0.7213128769740804,0,1,1,0.6486664626425771,suspicious
48.59256151267317,75.36084825010488,18.512521467678944,2755,1198,0.44186808078031437,0,0,0,0.493224193021531,suspicious
68.01230175325053,87.40569950878397,12.72311876057504,1330,1844,0.7101261783207817,1,1,1,0.7516635785344403,suspicious
76.42505493983552,98.15101631664378,0.0,1719,1008,0.7443082695732207,1,0,1,0.8710767564006646,genuine
79.0311946893207,92.18868096254998,19.57265940958127,1338,1050,0.7279738533166303,0,1,1,0.6996455768563205,genuine
70.95586187546758,92.57079747719838,0.5810674779016649,1977,1765,0.7003217985913849,1,1,0,0.81151110182702,suspicious
90.81935232041435,59.94293835972853,31.92279529646399,2026,933,0.8002831147112406,1,0,0,0.4810565024650129,suspicious
86.20309250642451,83.65741532786298,13.93858901394135,1628,1695,0.6000626329182623,0,1,0,0.5091519487936549,suspicious
84.29611830977828,86.24762673633602,10.911648201853923,678,547,0.7354686000362186,1,1,0,0.7354049920515373,suspicious
77.46622930893992,81.5064694450171,10.829952170913229,2817,1915,0.7619103212884574,0,1,1,0.6159872916013748,suspicious
83.26343764693533,70.89941241865347,23.514724401056178,2250,1762,0.7383190569535577,1,1,1,0.25347976689250173,suspicious
68.06879911298313,70.12179692409195,34.71008463340313,2304,1413,0.5276412073925172,0,1,1,0.5140817139109685,suspicious
87.52691262449032,85.99756986458306,26.468360432953588,2498,1293,0.5944978670799341,0,0,1,0.48476052300265066,suspicious
89.18148982691373,76.48032960006877,16.413752682478496,566,1072,0.9069546412187768,1,1,1,0.46405786651303127,suspicious
90.41193046762343,56.29337187342635,29.633728071851372,2700,1005,0.7134444137730147,0,0,1,0.42047277793683674,suspicious
81.64049802145136,89.94657959815274,1.8787143093936294,715,958,0.876653646834739,1,1,1,0.7105463751641004,genuine
94.61043774311072,94.67049291906869,22.80007955530467,2385,1667,0.9152410976137086,1,1,1,0.6571575182953915,genuine
91.05011822777098,90.74162619882252,7.845624638960857,2887,763,0.7551907494530188,1,1,1,0.7892090598772246,genuine
92.49896773910365,97.7820013852646,9.468796948045194,1767,893,0.6455835906406422,1,1,1,0.7685134052213515,genuine
87.44409959832736,90.79005238590602,11.784085199524608,2289,1102,0.7583898244183369,0,1,1,0.6754429410773121,genuine
79.37640759016887,61.54634564637385,44.299052655998565,2685,1260,0.6668331241318547,0,1,1,0.4975793163244505,suspicious
93.04478003103587,88.92561362042096,6.571887838107233,1916,882,0.8631579059789938,1,1,1,0.8560119761317081,genuine
74.7310681975764,84.28657043348929,4.035594011699169,1727,1185,0.6075980808362998,1,1,0,0.4162545047335286,suspicious
80.18023840642832,87.62003701139862,22.3011345032604,2520,1853,0.7544621688144957,1,1,1,0.8569031768841057,genuine
61.03746498665237,86.36736119034518,16.547624219731368,2468,886,0.6268732779954891,0,0,1,0.6169417906049596,suspicious
86.1681283797803,88.07880564929987,12.13487747927386,707,712,0.8591661018927519,0,0,1,0.6111599358074049,genuine
93.05129553963874,71.78130894251795,31.910366678009094,659,1823,0.7597421322761349,1,1,1,0.5259894622501258,suspicious
92.47083941766354,71.67517082526405,24.836935279889826,2282,886,0.8156691349807379,0,0,1,0.4669969088980141,suspicious
69.85519144867816,72.63678079468829,31.51171923846175,2273,1673,0.6587256523346032,1,1,1,0.4562492448664769,suspicious
89.49407002752923,90.84552081902703,8.59200265429277,2532,2115,0.8788721910759165,1,1,1,0.8283832439436062,genuine
95.86466098750732,76.14140411139601,24.207588689366176,710,1335,0.7478809725358566,0,1,1,0.6282934835178247,suspicious
87.02317507028769,84.46689824451227,15.33456559472721,889,1384,0.5311494045210627,1,1,1,0.44561222238814585,suspicious
84.90458007594296,91.41225923926798,4.163819425337424,569,1644,0.7614613777499637,1,1,1,0.8121912883639089,genuine
91.85019541883402,95.52592171481353,1.9178256105274,1208,625,0.8173637777801137,1,1,1,0.8276204767286302,genuine
83.88396851814949,84.13052068935086,9.152073975815544,1756,561,0.6629705879807788,1,1,1,0.4948935947898465,genuine
70.92470947525376,79.33992221012906,17.353468009617536,1403,727,0.5387155603434473,0,1,0,0.6563504166515991,suspicious
93.55823382884186,87.3889489973099,6.2676714072280175,798,1174,0.7806248159680729,1,1,0,0.7735666795934865,genuine
90.71494885853504,99.34115662644679,3.545429478891856,1883,1912,0.8288098801136683,1,1,1,0.6022137222373668,genuine
92.06883696966221,84.77142426161292,14.234742770498885,1313,1480,0.818010231942265,1,1,0,0.7124056668555062,genuine
79.59182146383108,94.7837782942541,5.348245214320563,1218,1947,0.5714818423468017,1,0,1,0.6772586013093427,genuine
91.20202629398685,80.7022684701584,16.030929335541746,2436,1109,0.6542856435418944,1,1,0,0.7106811197269016,genuine
90.05487758599627,79.85186591259107,11.147991608439566,1296,1851,0.8753508107382327,0,1,1,0.5267771738472825,suspicious
90.41995923446562,86.94976015238186,7.813845310807533,1876,1686,0.7899354839226455,1,1,1,0.8206672751458352,genuine
79.54470090653354,89.26664270016583,0.0,667,581,0.7400124718370007,0,1,1,0.6849089582984289,genuine
83.27468910312066,98.15007708680986,0.5483567607781314,2334,1340,0.680000141514077,1,1,0,0.7114133740505082,genuine
86.80514789428524,87.50749980097632,2.4686965384197386,1857,1541,0.7826499174020133,1,0,0,0.6133575565538654,suspicious
95.77581658218706,96.21063247221835,3.5409926613181626,2459,1089,0.833015710485383,1,1,1,0.8745673228872546,genuine
97.45855619798627,84.8986958797811,6.324554233269938,1254,1788,0.7962447828973265,1,1,1,0.5924099499794301,genuine
82.3282766523775,77.5242188466732,2.502126275853067,1701,1148,0.6119976117302997,1,1,0,0.7474472556810952,genuine
98.16165757338722,85.58147311649779,26.58099602030598,1571,1678,0.7825254865117217,1,0,1,0.7102621255068216,genuine
67.16722391941033,87.02413691517222,8.111891700201076,2965,1689,0.8119086952058797,0,1,1,0.5299198017063941,suspicious
57.942624438037896,88.38183547187293,18.8430284278812,754,797,0.5696240008840203,0,1,0,0.7101721842541345,suspicious
83.39194055644569,82.84723741565347,9.175644048279104,1005,518,0.8123352766811488,1,0,0,0.6684010500099247,suspicious
92.29133214661884,64.2787291884209,38.67776807884208,2925,1980,0.7448786580210883,1,1,1,0.3440511828847399,suspicious
85.00951302021802,80.58201254647857,6.501605546213318,712,1909,0.7290475838257418,1,0,1,0.6456499686138073,suspicious
95.15008978783966,92.55725545262467,6.814279441520368,1196,2116,0.7989885115006993,0,1,1,0.8055196382265037,genuine
59.3563971226483,94.68953868122424,0.0,1296,503,0.7301909875418726,0,1,1,0.8928946432946816,suspicious
86.73347134605257,73.60780333130054,37.99934982191958,2467,1658,0.7776328237760819,1,1,0,0.7189826925260513,suspicious
75.87424927707288,90.71501164615124,5.2189109422172155,2407,638,0.6568014209987807,1,1,1,1.0,genuine
92.02039357429493,88.77238269034079,14.219880852934786,2671,1272,0.7885347136445519,0,1,1,0.7102492017595343,genuine
84.12848715726743,76.95537009942274,20.437514409664836,740,1859,0.8252961526731182,1,1,0,0.6820991541453258,suspicious
89.42280315560686,77.42772073212419,16.750600063409653,1038,856,0.5477344493452263,0,1,1,0.5466735811179072,suspicious
90.76745075075608,76.7020348931338,21.09751288223081,1667,1074,0.8065836947299863,1,1,0,0.8397238271251342,genuine
81.69128939034735,71.88292197304598,30.602019090872282,2326,1284,0.7537088040090266,0,0,1,0.4681511389257448,suspicious
71.19961511788878,69.88905267261501,27.260652013231347,1928,1227,0.5775404159018712,1,0,1,0.779820776697898,suspicious
81.85308829669512,82.838994576313,14.007938180717751,1805,436,0.7515101049346976,0,1,0,0.8680244481030833,suspicious
67.62786226534135,86.80615758532272,13.530642376856404,2520,1071,0.6967812878851877,1,1,1,0.6002621576290845,genuine
97.2500499927211,89.95207393566466,20.941215346981,995,1922,0.7585137902271157,1,1,1,0.8439758415038571,genuine
86.28332011037119,80.9109075144543,11.399146752606116,2615,567,0.8304736657508509,0,1,1,0.7020949208962939,genuine
76.75324180735495,87.91637813471172,0.0,2147,1026,0.7424742266879045,1,0,0,0.6538928553056423,suspicious
62.3988267703071,91.09803388355766,0.0,1097,1496,0.6210995648026016,0,0,1,0.7124871960810918,suspicious
90.09140170550106,82.14479343211072,6.2365403715113095,1594,1090,0.7993503657478103,1,1,0,0.6890156550025064,suspicious
81.73351173265107,90.7141462383068,0.7954328666566743,1185,1641,0.8146285840885058,1,1,0,0.7689899057309415,genuine
92.14797604045008,82.16750646884597,7.4460212777535055,1272,881,0.9896699273734804,1,1,1,0.8366430767618782,genuine
74.39909193738103,87.09783955910679,9.51142330462671,2210,742,0.7501344087044999,1,0,1,0.7653297869705883,suspicious
79.3568254144218,84.46591451645561,13.382489614914876,1260,2062,0.7918307505898116,1,0,1,0.5833430425050212,suspicious
84.57504866988921,92.95944582066876,6.9371177127104975,2650,1754,0.7976185773590082,1,1,0,0.8329099060812414,genuine
89.50438996418572,94.72991039295596,0.0,744,939,0.9707354144161949,1,1,1,0.5481203765055527,genuine
93.18073280697662,94.90546070109423,10.778204948742967,921,579,0.725658936328147,1,0,0,0.7128533825362942,genuine
94.47998748688276,92.68487896948416,9.22753152533662,2784,1191,0.7068399715709951,1,1,0,0.7066410534576956,genuine
94.41598513696616,80.6816138861985,25.55795004755346,2307,1795,0.8276505564779836,1,1,1,0.724450732900441,genuine
93.8781374194947,93.63120890388306,10.703920605214716,1599,1503,0.8970972902749809,1,1,1,0.9615461522935114,genuine
88.8207011968001,82.48586846843068,10.688876338555588,1094,1663,0.5775799808293216,0,0,1,0.6860102125440399,suspicious
93.1428925157928,97.88191887807474,10.726978966871414,1137,1346,0.849858748319646,1,0,1,0.7396914103157635,genuine
81.3502768658356,85.19498672451749,13.018862560801868,951,2042,0.7273250857481607,1,0,1,0.5977662527676937,genuine
97.90262414395318,91.98901634560858,11.594088072957419,2743,615,0.9258722528805162,1,0,1,0.8361170831684569,genuine
83.6972615128266,67.38352805794648,29.505362099421493,1344,1865,0.7467898632838813,1,1,1,0.5156878666051224,suspicious
95.28744664544992,92.14739412798994,5.019215571049358,2842,2141,0.705079140126039,1,0,0,0.6767948132603835,suspicious
82.00399184419854,84.27645884283206,12.515548530890193,2487,1920,0.6573125147699114,1,1,1,0.7883661361581824,genuine
88.80189203134071,94.55535304261878,3.1638627936565276,1396,904,0.7490575070473023,0,1,1,0.8967558988552836,genuine
94.78103474963414,78.59413138754202,10.083777441652781,2357,2124,0.8716776652163081,1,1,1,0.5136300450344529,genuine
84.29894984478658,84.49361659816871,0.0,1693,2136,0.7891489140477513,1,0,1,0.49635886504483917,suspicious
77.12141251803168,90.49145251841063,2.274771741822919,1697,1920,0.677859838101505,1,0,1,0.7121976721678523,suspicious
54.779037015272635,84.4414458869733,13.063075180034728,2424,972,0.5787311341941689,1,0,1,0.5387030338631701,suspicious
69.86656308686676,73.98551167214187,27.109960400459663,2286,1834,0.5544559134236604,1,0,0,0.4386372962529461,suspicious
88.91083194783722,85.07889868268795,16.762755907122177,1047,1943,0.9545887504167835,1,1,1,0.5557524082744908,genuine
96.56842788213083,89.19494561285424,6.146499125441652,1515,753,0.8966307373185494,1,1,1,0.8391431050866578,genuine
74.30700196994866,90.7651987028807,2.1648645360974275,2838,866,0.7728026676772888,0,1,1,0.8041677860379242,genuine
73.16398575198565,92.68116431685284,4.230007423310177,1026,1759,0.817413700930871,1,1,0,1.0,genuine
83.41395627840403,75.5638189159807,11.502090567965311,2283,1858,0.8123997185570233,1,1,1,0.5274751078917091,suspicious
76.2152810302518,95.68748079004723,0.0,2608,1539,0.7371401335774789,0,1,0,0.9250801266912431,genuine
70.883998603057,84.38739935260696,0.8934381107215472,2002,1374,0.6569172920825981,1,1,0,0.7343259590737813,genuine
76.75759483116192,69.38051659705144,32.58780205934181,634,2131,0.7754384111094742,1,1,0,0.4882776405342734,suspicious
95.07754724475498,91.00642903330521,19.746172563090518,2628,1013,0.8476429522571294,1,0,1,0.7104504081137658,genuine
71.41498468122523,78.85499453867227,21.136340913515554,2753,1696,0.601413464013817,0,0,0,0.5635033651042208,suspicious
97.1369317452694,93.69112755400835,4.32458595774291,2109,2118,1.0,1,1,1,0.7805758451616726,genuine
80.7211225009373,89.61450277793784,0.0,2472,867,0.673849322442032,0,0,1,0.8353202112334933,suspicious
87.55804592222475,94.84103648354098,2.7412984586701845,612,528,0.6674534836990446,1,1,0,0.7144997283665753,suspicious
72.10846768626327,88.88397540317766,12.619893181332737,2309,695,0.7703370871836006,1,1,1,0.8128779222373035,genuine
91.16431006993847,94.61223567485742,9.849992151314837,2511,1601,0.7705988933903293,1,0,1,0.9094455350897843,genuine
72.96782741694425,76.02517439315233,22.80279621084076,1923,906,0.6991615489260857,1,1,1,0.7874714265194207,suspicious
88.51570735074729,89.53700921890115,16.314219559663,1810,1685,0.9445714877222173,1,1,1,0.5755427067310728,genuine
89.01677902242224,94.87286612966972,17.446016252226215,2525,1264,0.7058035125535291,1,0,0,0.7530847726226619,suspicious
94.68491159519802,76.72124860811465,14.623907081733208,2155,1949,0.8039818169937729,1,1,0,0.6989019262274171,genuine
71.41181095022691,94.8077071078323,23.53140400584746,570,1575,0.8198687767886044,1,1,1,0.6280534671523915,genuine
69.5079511024502,75.72881483779418,4.063826033082448,960,1465,0.6956746331322583,0,1,0,0.44868137075554976,suspicious
88.29752026929573,73.41705951859208,14.48902524216956,1978,787,0.7430908606712241,1,0,0,0.5841671711214699,suspicious
96.30084911535494,94.05397584844621,5.859519887568603,2014,985,1.0,1,1,1,0.702876092886369,genuine
69.50688586348636,92.25869539197325,9.649159914348973,1152,819,0.6748161012057656,1,0,1,0.7173882363515884,genuine
90.89525628624807,89.80020328360428,6.378397961210657,847,511,0.8470696363519057,1,1,1,0.6618399138046033,genuine
83.48395704031992,48.700002208854556,35.00463676513256,2098,943,0.7963440859570277,1,1,1,0.6487869414227176,suspicious
86.29593698163708,96.00290024154141,18.415922716878683,1275,2110,0.8793999266954231,1,1,1,0.7126254595597438,genuine
76.55132127531029,98.23643277230636,0.0,2187,1853,0.8489122382380809,1,1,1,0.8561669843850347,genuine
91.97624444903037,76.28967581439748,10.647125424588829,2151,824,0.71660661870939,0,0,1,0.67254897046511,suspicious
81.55582487231908,78.7587608640643,27.766708922127172,1037,1058,0.8252637464052437,1,1,1,0.4274122930426719,suspicious
71.60198842101599,91.05111354352077,12.655733680476622,2418,1704,0.7066080758733235,1,1,1,0.9043432122128334,genuine
70.58827960626925,92.10568319850503,13.583758153355149,887,541,0.6294257122815372,0,0,0,0.8119412775360513,suspicious
90.39914814868554,79.95113881427297,16.407744552324,1499,1698,0.8052278494773089,1,1,1,0.6584433054673811,genuine
82.36117833768307,92.9134149430237,0.0,1969,1381,0.7828508996050512,0,0,1,0.870199311874664,genuine
58.487787340363205,90.13138244955158,7.993801166664422,2716,1682,0.7549461540380963,1,1,0,0.7153172162889571,suspicious
68.49155936709661,88.59092642476612,0.0,2852,410,0.6971761083982994,1,1,1,0.8145591674510991,genuine
74.51619204338772,95.56071260015297,5.02561500904843,2234,2083,0.6607926462316736,0,1,1,0.5393388900074361,suspicious
83.64287764997665,93.14922265693164,9.711903543764137,2159,1613,0.6956375524178016,1,1,0,0.8432969549289792,genuine
86.91906010897374,72.44894568307353,28.191228550775026,1751,709,0.7423044588527105,0,0,1,0.6016276618118083,suspicious
97.23326337751811,90.92757430248797,6.157602574527674,1710,1916,0.751625889249322,1,1,0,0.7513325299494574,genuine
96.302995250802,84.37910784291232,16.952296628517157,1892,452,0.7796887650186456,0,0,0,0.5739585617737704,suspicious
80.76642196131465,74.4329029905046,12.848403974766253,2839,699,0.6915286921183199,1,1,1,0.5692037701477594,suspicious
81.64750953426349,85.69436452273487,17.49564681022298,2127,1823,0.7111938949663998,1,1,0,0.6557804372225677,suspicious
91.61176663175408,66.79161344500422,29.62833546880626,2548,1921,0.8206081249085061,1,1,1,0.39763806252627554,suspicious
92.75265247925984,86.49610314894538,4.526119457285066,1881,576,0.7601062895951081,1,0,0,0.7349649721357572,genuine
94.31572311939418,89.67113087383022,11.459190349664176,2332,1622,0.6396315278896818,0,0,1,0.9061504058624766,suspicious
